Workbook

Sheet 01_전체조닝63
A2: 성수 약국 조닝 · 제작도면 반영
A3: 2026.09.17 | 63모듈·315단 | 우선 326 SKU (A 106 / B 208 / T 12) | 391F 계획 · 재고수량 아님
A4: 확인 순서: 03 전체상품 → 05 상품별 배치(F 입력) → 06 집기 실측 → 02 선반 합계. 실제 발주·규격·포장 치수는 미확정.
A6: 모듈 | B6: 방향 | C6: 주테마 | D6: 매대명 | E6: 역할 | F6: 브랜드 운영 | G6: S1 최상단 | H6: S2 | I6: S3 | J6: S4 | K6: S5 최하단 | L6: 선반 수 | M6: 오픈 진열단 | N6: 테마 진열단 | O6: 시험·여유단 | P6: 안내단 | Q6: 운영 메모 | R6: 제작도면 집기 | S6: 총높이 mm | T6: 진열 SKU행 | U6: 계획 총F | V6: 치수 근거
A7: W1 | B7: 상단 벽면 | C7: 피부약·상처 보호 | D7: Skin Treatments | E7: 피부 고관여 상담 | G7: PDRN 분류·상담 안내 | H7: PDRN 일반의약품 | I7: 가려움·피부염 외용약 | J7: 피부 상담약 확장 여유 | K7: MD 보호재·의료기기 분리 | L7: 5 | M7: 3 | N7: 0 | O7: 1 | P7: 1 | Q7: 외용약 상담은 중단, MD는 분리 선반. W1·W2 외용/더마 2면, W4·W5 영양/선물 2면, W3 가변 1면 유지. | R7: P-2F-04 | S7: 2400 | T7: =SUMIFS('02_선반315'!$P$7:$P$321,'02_선반315'!$B$7:$B$321,A7) -> 5 | U7: =SUMIFS('02_선반315'!$Q$7:$Q$321,'02_선반315'!$B$7:$B$321,A7) -> 6 | V7: PDF p5~6 (2026-08-11)
A8: W2 | B8: 상단 벽면 | C8: 더마·세정·선케어 | D8: Dermocosmetics | E8: EGF·프리미엄 비교 | F8: EGFx S2, 프로캄 S3의 선반 블록 | G8: EGF 화장품 제형 안내 | H8: EGFx 앰플 비교 | I8: 프로캄·이지듀 EGF 크림 | J8: EGF·PDRN 마스크 | K8: 프리미엄 추가 규격 여유 | L8: 5 | M8: 3 | N8: 0 | O8: 1 | P8: 1 | Q8: W2는 상담형 EGF 비교. 일상 보습과 주름·탄력의 주 진열은 G5. | R8: P-2F-04 | S8: 2400 | T8: =SUMIFS('02_선반315'!$P$7:$P$321,'02_선반315'!$B$7:$B$321,A8) -> 6 | U8: =SUMIFS('02_선반315'!$Q$7:$Q$321,'02_선반315'!$B$7:$B$321,A8) -> 7 | V8: PDF p5~6 (2026-08-11)
A9: W3 | B9: 상단 벽면 | C9: 추천·상담 안내 | D9: Seasonal Picks | E9: 월별 선택 테마 | G9: 환절기 보습 테마 | H9: 진정 크림 테마 | I9: 장벽 세럼 테마 | J9: 립 보습 연결 | K9: 다음 테마 교체 여유 | L9: 5 | M9: 0 | N9: 3 | O9: 1 | P9: 1 | Q9: Best Sellers는 실적 근거가 생긴 뒤 사용. 브랜드 매입조건만으로 추천 표현을 쓰지 않음. | R9: P-2F-04 | S9: 2400 | T9: =SUMIFS('02_선반315'!$P$7:$P$321,'02_선반315'!$B$7:$B$321,A9) -> 3 | U9: =SUMIFS('02_선반315'!$Q$7:$Q$321,'02_선반315'!$B$7:$B$321,A9) -> 3 | V9: PDF p5~6 (2026-08-11)
A10: W4 | B10: 상단 벽면 | C10: 영양·건강 선물 | D10: Daily Vitamins | E10: 경구 영양·약사 상담 | G10: 경구 영양 상담 안내 | H10: 비타민B 의약품 | I10: 마그네슘 경구제품 | J10: 글루타치온 의약품 | K10: 피로·간·한방 상담약 | L10: 5 | M10: 4 | N10: 0 | O10: 0 | P10: 1 | Q10: 식품형 비타민·오메가3 등은 G4. 정규 포장 하나를 기본으로 하고 큰 포장을 별도 전면 반복하지 않음. | R10: P-2F-04 | S10: 2400 | T10: =SUMIFS('02_선반315'!$P$7:$P$321,'02_선반315'!$B$7:$B$321,A10) -> 10 | U10: =SUMIFS('02_선반315'!$Q$7:$Q$321,'02_선반315'!$B$7:$B$321,A10) -> 10 | V10: PDF p5~6 (2026-08-11)
A11: W5 | B11: 상단 벽면 | C11: 영양·건강 선물 | D11: Wellness Gifts | E11: 건강 선물 본진 | F11: 정원삼 중심 선택형 브랜드존 | G11: 정규 선물 구성 안내 | H11: 멀티비타민 정규 세트 | I11: 홍삼 30포 비교 | J11: 콜라겐·홍삼 젤리 | K11: 다매 홍삼·절편 | L11: 5 | M11: 4 | N11: 0 | O11: 0 | P11: 1 | Q11: 첨부에는 정원삼이 있으며 정관장으로 대체 표기하지 않음. 5단 모두 상설 입고를 뜻하지 않음. | R11: P-2F-04 | S11: 2400 | T11: =SUMIFS('02_선반315'!$P$7:$P$321,'02_선반315'!$B$7:$B$321,A11) -> 8 | U11: =SUMIFS('02_선반315'!$Q$7:$Q$321,'02_선반315'!$B$7:$B$321,A11) -> 8 | V11: PDF p5~6 (2026-08-11)
A12: L1 | B12: 좌측 벽면 | C12: 일반약·여행·생활 | D12: Cold & Allergy | E12: 일반약 실용 구색 | G12: 알레르기 정제·낮은 포장 | H12: 감기 주간·야간 구분 | I12: 기침·인후 제형 | J12: 코 증상 스프레이 | K12: 어린이 여행 상담 | L12: 5 | M12: 5 | N12: 0 | O12: 0 | P12: 0 | R12: P-2F-05 | S12: 1700 | T12: =SUMIFS('02_선반315'!$P$7:$P$321,'02_선반315'!$B$7:$B$321,A12) -> 14 | U12: =SUMIFS('02_선반315'!$Q$7:$Q$321,'02_선반315'!$B$7:$B$321,A12) -> 14 | V12: PDF p7 (2026-08-07)
A13: L2 | B13: 좌측 벽면 | C13: 일반약·여행·생활 | D13: Stomach & Travel | E13: 소화·배변·이동 상담 | G13: 소화 정제·낮은 포장 | H13: 소화·속 불편 액상 | I13: 설사 상담 | J13: 변비 상담 | K13: 멀미·이동 상담 | L13: 5 | M13: 5 | N13: 0 | O13: 0 | P13: 0 | R13: P-2F-05 | S13: 1700 | T13: =SUMIFS('02_선반315'!$P$7:$P$321,'02_선반315'!$B$7:$B$321,A13) -> 14 | U13: =SUMIFS('02_선반315'!$Q$7:$Q$321,'02_선반315'!$B$7:$B$321,A13) -> 14 | V13: PDF p7 (2026-08-07)
A14: L3 | B14: 좌측 벽면 | C14: 일반약·여행·생활 | D14: Pain Relief | E14: 진통·파스 본진 | G14: 해열·진통 소포장 | H14: 파스 기본·롱 규격 | I14: 코인·쿨 타입 | J14: 바르는 진통 제형 | K14: 분사형·큰 포장 | L14: 5 | M14: 5 | N14: 0 | O14: 0 | P14: 0 | R14: P-2F-05 | S14: 1700 | T14: =SUMIFS('02_선반315'!$P$7:$P$321,'02_선반315'!$B$7:$B$321,A14) -> 14 | U14: =SUMIFS('02_선반315'!$Q$7:$Q$321,'02_선반315'!$B$7:$B$321,A14) -> 16 | V14: PDF p7 (2026-08-07)
A15: L4 | B15: 좌측 벽면 | C15: 립·눈·다리·구강 | D15: Oral Care | E15: 구강 위생·상담 | G15: 구내염 상담·낮은 포장 | H15: 잇몸·불소 치약 | I15: 휴대 가글·구강 스프레이 | J15: 칫솔·치실·혀 세정 | K15: 일상 가글 큰 포장 | L15: 5 | M15: 5 | N15: 0 | O15: 0 | P15: 0 | R15: P-2F-05 | S15: 1700 | T15: =SUMIFS('02_선반315'!$P$7:$P$321,'02_선반315'!$B$7:$B$321,A15) -> 11 | U15: =SUMIFS('02_선반315'!$Q$7:$Q$321,'02_선반315'!$B$7:$B$321,A15) -> 11 | V15: PDF p7 (2026-08-07)
A16: B1 | B16: entry | C16: 피부약·상처 보호 | D16: Acne Care | E16: 좌측 진입의 여드름 안내 | G16: 선택 안내 | H16: 면포성 여드름 외용제 / 붉은 여드름 외용제 | I16: 스팟 보호 패치 | J16: 스팟 보호 패치 | K16: 추가 도입 여유 | L16: 5 | M16: 0 | N16: 3 | O16: 1 | P16: 1 | Q16: 본진으로 안내하는 입구 매대. 여드름 전제품 복제 진열 금지. | R16: P-2F-05 | S16: 1700 | T16: =SUMIFS('02_선반315'!$P$7:$P$321,'02_선반315'!$B$7:$B$321,A16) -> 4 | U16: =SUMIFS('02_선반315'!$Q$7:$Q$321,'02_선반315'!$B$7:$B$321,A16) -> 4 | V16: PDF p7 (2026-08-07)
A17: B2 | B17: entry | C17: 피부약·상처 보호 | D17: Scar & Wound | E17: 흉터와 상처의 차이 | G17: 선택 안내 | H17: 흉터 외용제 | I17: 실리콘 흉터관리 제품 | J17: 일반·방수 밴드 | K17: 추가 도입 여유 | L17: 5 | M17: 0 | N17: 3 | O17: 1 | P17: 1 | R17: P-2F-05 | S17: 1700 | T17: =SUMIFS('02_선반315'!$P$7:$P$321,'02_선반315'!$B$7:$B$321,A17) -> 3 | U17: =SUMIFS('02_선반315'!$Q$7:$Q$321,'02_선반315'!$B$7:$B$321,A17) -> 3 | V17: PDF p7 (2026-08-07)
A18: B3 | B18: entry | C18: 일반약·여행·생활 | D18: Travel Essentials | E18: 여행 위생용품 본진 | G18: 여행 위생 안내 | H18: 마스크·호흡기 위생 | I18: 수면 안대 | J18: 접이식 여행컵 | K18: 벌레 기피용품 | L18: 5 | M18: 4 | N18: 0 | O18: 0 | P18: 1 | R18: P-2F-05 | S18: 1700 | T18: =SUMIFS('02_선반315'!$P$7:$P$321,'02_선반315'!$B$7:$B$321,A18) -> 6 | U18: =SUMIFS('02_선반315'!$Q$7:$Q$321,'02_선반315'!$B$7:$B$321,A18) -> 6 | V18: PDF p7 (2026-08-07)
A19: B4 | B19: entry | C19: 추천·상담 안내 | D19: Skin Care Finder | E19: 입구의 고민 길찾기 | G19: 피부 고민 선택 안내 | H19: A 여드름·피지 / B 톤 | I19: C 보습 / D 진정 / E 탄력 | J19: 약사 상담 결과·주 진열 지도 | K19: 후속 상담 도구 여유 | L19: 5 | M19: 0 | N19: 0 | O19: 0 | P19: 5 | R19: P-2F-05 | S19: 1700 | T19: =SUMIFS('02_선반315'!$P$7:$P$321,'02_선반315'!$B$7:$B$321,A19) -> 0 | U19: =SUMIFS('02_선반315'!$Q$7:$Q$321,'02_선반315'!$B$7:$B$321,A19) -> 0 | V19: PDF p7 (2026-08-07)
A20: B5 | B20: entry | C20: 영양·건강 선물 | D20: Wellness & Gifts | E20: 영양·선물 탐색 | G20: 선택 안내 | H20: 비타민C 경구제품 | I20: 콜라겐·이너뷰티 | J20: 홍삼 제품 | K20: 추가 도입 여유 | L20: 5 | M20: 0 | N20: 3 | O20: 1 | P20: 1 | R20: P-2F-05 | S20: 1700 | T20: =SUMIFS('02_선반315'!$P$7:$P$321,'02_선반315'!$B$7:$B$321,A20) -> 3 | U20: =SUMIFS('02_선반315'!$Q$7:$Q$321,'02_선반315'!$B$7:$B$321,A20) -> 3 | V20: PDF p7 (2026-08-07)
A21: B6 | B21: entry | C21: 더마·세정·선케어 | D21: PDRN Skincare | E21: 우측 진입의 성분 탐색 | G21: 선택 안내 | H21: PDRN 스킨케어 | I21: PDRN 스킨케어 | J21: PDRN 스킨케어 | K21: 추가 도입 여유 | L21: 5 | M21: 0 | N21: 3 | O21: 1 | P21: 1 | Q21: 브랜드 독립 매대가 아니라 PDRN 탐색. 본진과 두 곳 모두 전체 브랜드존으로 운영하지 않음. | R21: P-2F-05 | S21: 1700 | T21: =SUMIFS('02_선반315'!$P$7:$P$321,'02_선반315'!$B$7:$B$321,A21) -> 3 | U21: =SUMIFS('02_선반315'!$Q$7:$Q$321,'02_선반315'!$B$7:$B$321,A21) -> 3 | V21: PDF p7 (2026-08-07)
A22: B7 | B22: entry | C22: 더마·세정·선케어 | D22: Barrier & Calm | E22: 건조·민감 첫 선택 | G22: 선택 안내 | H22: 장벽·보습 스킨케어 | I22: 진정 스킨케어 | J22: 수분 스킨케어 | K22: 추가 도입 여유 | L22: 5 | M22: 0 | N22: 3 | O22: 1 | P22: 1 | R22: P-2F-05 | S22: 1700 | T22: =SUMIFS('02_선반315'!$P$7:$P$321,'02_선반315'!$B$7:$B$321,A22) -> 3 | U22: =SUMIFS('02_선반315'!$Q$7:$Q$321,'02_선반315'!$B$7:$B$321,A22) -> 3 | V22: PDF p7 (2026-08-07)
A23: B8 | B23: entry | C23: 추천·상담 안내 | D23: New & Trial | E23: 신규 브랜드 한 테마 | G23: 시험 브랜드·기간 안내 | H23: 톰 CPR 세럼 시험 | I23: 톰 NMN 세럼 시험 | J23: 톰 NMN 크림 시험 | K23: 다음 브랜드 시험 여유 | L23: 5 | M23: 0 | N23: 0 | O23: 4 | P23: 1 | Q23: 판매·문의가 검증되면 적합한 본진으로 편입하고 B8에서는 교체. | R23: P-2F-05 | S23: 1700 | T23: =SUMIFS('02_선반315'!$P$7:$P$321,'02_선반315'!$B$7:$B$321,A23) -> 3 | U23: =SUMIFS('02_선반315'!$Q$7:$Q$321,'02_선반315'!$B$7:$B$321,A23) -> 3 | V23: PDF p7 (2026-08-07)
A24: G1-D-1 | B24: 하면·입구 방향 | C24: 피부약·상처 보호 | D24: 여드름 외용제 | E24: 상태별 선택 | G24: 현재 피부 상태 확인 | H24: 면포성 여드름 외용약 | I24: 붉은 여드름 외용약 | J24: 다른 성분 여드름약 | K24: 기타 여드름약 비교 | L24: 5 | M24: 4 | N24: 0 | O24: 0 | P24: 1 | Q24: 여드름약은 이 모듈에 집중. 아문 흉터는 G2-D-1로 분리. | R24: P-2F-02 / -02-1 | S24: 1700 | T24: =SUMIFS('02_선반315'!$P$7:$P$321,'02_선반315'!$B$7:$B$321,A24) -> 8 | U24: =SUMIFS('02_선반315'!$Q$7:$Q$321,'02_선반315'!$B$7:$B$321,A24) -> 10 | V24: PDF p3~4 (2026-08-11)
A25: G1-D-2 | B25: 하면·입구 방향 | C25: 피부약·상처 보호 | D25: 스팟 보호 패치 | E25: 형태별 선택 | F25: 선택한 패치 브랜드 내 1~2단 연속 블록 | G25: 패치 용도·피부 상태 안내 | H25: 일상 스팟 보호 패치 | I25: 국소 패치·다른 소재 | J25: 카밍·스팟 패치 비교 | K25: 다매 포장·대체 비교 | L25: 5 | M25: 4 | N25: 0 | O25: 0 | P25: 1 | R25: P-2F-02 / -02-1 | S25: 1700 | T25: =SUMIFS('02_선반315'!$P$7:$P$321,'02_선반315'!$B$7:$B$321,A25) -> 9 | U25: =SUMIFS('02_선반315'!$Q$7:$Q$321,'02_선반315'!$B$7:$B$321,A25) -> 10 | V25: PDF p3~4 (2026-08-11)
A26: G1-D-3 | B26: 하면·입구 방향 | C26: 더마·세정·선케어 | D26: A 피지·모공 | E26: Pores & Spot Care | G26: 피지·모공 고민 안내 | H26: 지성 피부 크림·겔 | I26: 피지 고민 세럼 | J26: 국소 스팟 화장품 | K26: 피지 케어 보완 제형 | L26: 5 | M26: 4 | N26: 0 | O26: 0 | P26: 1 | R26: P-2F-02 / -02-1 | S26: 1700 | T26: =SUMIFS('02_선반315'!$P$7:$P$321,'02_선반315'!$B$7:$B$321,A26) -> 7 | U26: =SUMIFS('02_선반315'!$Q$7:$Q$321,'02_선반315'!$B$7:$B$321,A26) -> 7 | V26: PDF p3~4 (2026-08-11)
A27: G1-U-1 | B27: 상면·POS 방향 | C27: 더마·세정·선케어 | D27: 피부타입별 세안 | E27: 클렌징 본진 | F27: 브랜드보다 젤·폼·오일·밀크 구분 우선 | G27: 세정 제형 선택 | H27: 젤리폼·폼 클렌저 | I27: 클렌징 오일 비교 | J27: 다른 세정 제형 | K27: 큰 포장 세정 제품 | L27: 5 | M27: 4 | N27: 0 | O27: 0 | P27: 1 | R27: P-2F-02 / -02-1 | S27: 1700 | T27: =SUMIFS('02_선반315'!$P$7:$P$321,'02_선반315'!$B$7:$B$321,A27) -> 7 | U27: =SUMIFS('02_선반315'!$Q$7:$Q$321,'02_선반315'!$B$7:$B$321,A27) -> 7 | V27: PDF p3~4 (2026-08-11)
A28: G1-U-2 | B28: 상면·POS 방향 | C28: 더마·세정·선케어 | D28: 세정·각질 제형 비교 | E28: 과도한 각질 관리 방지 | G28: 각질·필링 사용제품 확인 | H28: 국소 필링 스틱 | I28: 필링 토너·시험 | J28: 필링 세럼·시험 | K28: 필링 팩·시험 | L28: 5 | M28: 1 | N28: 0 | O28: 3 | P28: 1 | R28: P-2F-02 / -02-1 | S28: 1700 | T28: =SUMIFS('02_선반315'!$P$7:$P$321,'02_선반315'!$B$7:$B$321,A28) -> 4 | U28: =SUMIFS('02_선반315'!$Q$7:$Q$321,'02_선반315'!$B$7:$B$321,A28) -> 4 | V28: PDF p3~4 (2026-08-11)
A29: G1-U-3 | B29: 상면·POS 방향 | C29: 더마·세정·선케어 | D29: Body Care & Treatments | E29: 바디 전용 선택 | G29: 몸 고민·제품 분류 안내 | H29: 바디 미스트 화장품 | I29: 바디 세정 기본 | J29: 바디 세정 비교 | K29: 몸 여드름 외용약·별도표지 | L29: 5 | M29: 4 | N29: 0 | O29: 0 | P29: 1 | Q29: 몸 여드름 의약품은 S5 단독 표지. 위 화장품·세정 선반과 구분. | R29: P-2F-02 / -02-1 | S29: 1700 | T29: =SUMIFS('02_선반315'!$P$7:$P$321,'02_선반315'!$B$7:$B$321,A29) -> 5 | U29: =SUMIFS('02_선반315'!$Q$7:$Q$321,'02_선반315'!$B$7:$B$321,A29) -> 5 | V29: PDF p3~4 (2026-08-11)
A30: G2-D-1 | B30: 하면·입구 방향 | C30: 피부약·상처 보호 | D30: 아문 흉터 비교 | E30: Scar Care | G30: 아문 흉터와 열린 상처 구분 | H30: 흉터 외용 의약품 | I30: 실리콘 흉터관리 제품 | J30: 다른 흉터 외용약 | K30: 추가 소재·규격 여유 | L30: 5 | M30: 3 | N30: 0 | O30: 1 | P30: 1 | Q30: 기준안 G2-D-1과 G2-D-2 통합. 의약품·실리콘 제품의 선반 구분을 유지한다. | R30: P-2F-02 / -02-1 | S30: 1700 | T30: =SUMIFS('02_선반315'!$P$7:$P$321,'02_선반315'!$B$7:$B$321,A30) -> 5 | U30: =SUMIFS('02_선반315'!$Q$7:$Q$321,'02_선반315'!$B$7:$B$321,A30) -> 6 | V30: PDF p3~4 (2026-08-11)
A31: G2-D-2 | B31: 하면·입구 방향 | C31: 피부약·상처 보호 | D31: 일반·방수 밴드 | E31: Everyday Dressings | G31: 부위·방수 필요 안내 | H31: 일반 소형·중형·혼합 | I31: 방수 소형·중형·대형 | J31: 손끝 전용 | K31: 발뒤꿈치·도트형 | L31: 5 | M31: 4 | N31: 0 | O31: 0 | P31: 1 | Q31: 기준안 G2-D-3의 일반·방수 밴드를 이관. 브랜드 내 규격 비교는 허용하되 전 규격 입고는 보류. | R31: P-2F-02 / -02-1 | S31: 1700 | T31: =SUMIFS('02_선반315'!$P$7:$P$321,'02_선반315'!$B$7:$B$321,A31) -> 10 | U31: =SUMIFS('02_선반315'!$Q$7:$Q$321,'02_선반315'!$B$7:$B$321,A31) -> 10 | V31: PDF p3~4 (2026-08-11)
A32: G2-D-3 | B32: 하면·입구 방향 | C32: 피부약·상처 보호 | D32: 습윤 드레싱 | E32: Moist Dressings | F32: 케어리브 선택형 브랜드존 | G32: 습윤 드레싱 사용 상태 안내 | H32: 작은 상처·중형 | I32: 대형·빅사이즈 | J32: 발뒤꿈치 습윤형 | K32: 추가 포장 규격 여유 | L32: 5 | M32: 3 | N32: 0 | O32: 1 | P32: 1 | Q32: 기준안 G2-U-3의 드레싱만 이관. 소독·세정 제품은 G2-U-1로 이동. | R32: P-2F-02 / -02-1 | S32: 1700 | T32: =SUMIFS('02_선반315'!$P$7:$P$321,'02_선반315'!$B$7:$B$321,A32) -> 5 | U32: =SUMIFS('02_선반315'!$Q$7:$Q$321,'02_선반315'!$B$7:$B$321,A32) -> 5 | V32: PDF p3~4 (2026-08-11)
A33: G2-U-1 | B33: 상면·POS 방향 | C33: 피부약·상처 보호 | D33: 상처 외용·세정 | E33: Wound Care | G33: 상처 상태 상담 안내 | H33: 상처 항균 외용약 | I33: 상처·피부손상 외용약 | J33: 액상 소독·세정 | K33: 휴대 소독 스왑 | L33: 5 | M33: 4 | N33: 0 | O33: 0 | P33: 1 | Q33: 상처 상담 과정은 한 곳에서 하되 외용약·소독·드레싱은 선반과 모듈로 구분. PDRN 의약품·MD는 W1. | R33: P-2F-02 / -02-1 | S33: 1700 | T33: =SUMIFS('02_선반315'!$P$7:$P$321,'02_선반315'!$B$7:$B$321,A33) -> 8 | U33: =SUMIFS('02_선반315'!$Q$7:$Q$321,'02_선반315'!$B$7:$B$321,A33) -> 8 | V33: PDF p3~4 (2026-08-11)
A34: G2-U-2 | B34: 상면·POS 방향 | C34: 피부약·상처 보호 | D34: 건조·각화 외용약 | E34: Dry Skin Treatments | G34: 건조 외용약·보습 화장품 구분 | H34: 건조 피부 외용 연고 | I34: 각화·거친 피부 외용약 | J34: 외용 연고 큰 규격 | K34: 외용약 확장 여유 | L34: 5 | M34: 3 | N34: 0 | O34: 1 | P34: 1 | Q34: 기존 손 화장품을 G2-U-3으로 이동해 외용약 모듈로 정리. | R34: P-2F-02 / -02-1 | S34: 1700 | T34: =SUMIFS('02_선반315'!$P$7:$P$321,'02_선반315'!$B$7:$B$321,A34) -> 5 | U34: =SUMIFS('02_선반315'!$Q$7:$Q$321,'02_선반315'!$B$7:$B$321,A34) -> 6 | V34: PDF p3~4 (2026-08-11)
A35: G2-U-3 | B35: 상면·POS 방향 | C35: 더마·세정·선케어 | D35: 손·전신 보습 | E35: Hand & Body Moisture | F35: 케어리브 습윤형은 1~3단 연속 블록 | G35: 손·전신 보습 안내 | H35: 핸드크림 비교 | I35: 국소 보습·멀티밤 | J35: 전신 보습 로션 | K35: 손 세정 | L35: 5 | M35: 4 | N35: 0 | O35: 0 | P35: 1 | Q35: G2-U-2의 손 보습과 G5-U-3의 전신 보습을 통합. 의약품과 인접하되 화장품 표지를 별도 적용. | R35: P-2F-02 / -02-1 | S35: 1700 | T35: =SUMIFS('02_선반315'!$P$7:$P$321,'02_선반315'!$B$7:$B$321,A35) -> 6 | U35: =SUMIFS('02_선반315'!$Q$7:$Q$321,'02_선반315'!$B$7:$B$321,A35) -> 6 | V35: PDF p3~4 (2026-08-11)
A36: G3-D-1 | B36: 하면·입구 방향 | C36: 피부약·상처 보호 | D36: 기미·색소약 상담 | E36: 외용·경구약 별도 단 | G36: 색소·흉터의 차이 상담 | H36: 기미·색소 외용약 기본 | I36: 다른 규격·성분 외용약 | J36: 색소 경구 상담약 | K36: 외용약 추가 규격 여유 | L36: 5 | M36: 3 | N36: 0 | O36: 1 | P36: 1 | R36: P-2F-02 / -02-1 | S36: 1700 | T36: =SUMIFS('02_선반315'!$P$7:$P$321,'02_선반315'!$B$7:$B$321,A36) -> 5 | U36: =SUMIFS('02_선반315'!$Q$7:$Q$321,'02_선반315'!$B$7:$B$321,A36) -> 7 | V36: PDF p3~4 (2026-08-11)
A37: G3-D-2 | B37: 하면·입구 방향 | C37: 더마·세정·선케어 | D37: B 잡티·피부 톤 | E37: Spots & Tone | F37: 프로캄 멜라 1~2단 비교 블록 | G37: 톤 고민·현재 사용성분 안내 | H37: 프로캄·마미케어 톤 세럼 | I37: 닥터리쥬올 톤 세럼·크림 | J37: 다른 보습감의 톤 제형 | K37: 톤 고민 마스크 | L37: 5 | M37: 4 | N37: 0 | O37: 0 | P37: 1 | R37: P-2F-02 / -02-1 | S37: 1700 | T37: =SUMIFS('02_선반315'!$P$7:$P$321,'02_선반315'!$B$7:$B$321,A37) -> 8 | U37: =SUMIFS('02_선반315'!$Q$7:$Q$321,'02_선반315'!$B$7:$B$321,A37) -> 8 | V37: PDF p3~4 (2026-08-11)
A38: G3-D-3 | B38: 하면·입구 방향 | C38: 더마·세정·선케어 | D38: Sun Care | E38: 선케어 본진 | G38: 자외선차단 제형 안내 | H38: 세럼·에센스형 | I38: 크림형 비교 | J38: 톤업·보습형 | K38: 휴대 선스틱 | L38: 5 | M38: 4 | N38: 0 | O38: 0 | P38: 1 | R38: P-2F-02 / -02-1 | S38: 1700 | T38: =SUMIFS('02_선반315'!$P$7:$P$321,'02_선반315'!$B$7:$B$321,A38) -> 7 | U38: =SUMIFS('02_선반315'!$Q$7:$Q$321,'02_선반315'!$B$7:$B$321,A38) -> 7 | V38: PDF p3~4 (2026-08-11)
A39: G3-U-1 | B39: 상면·POS 방향 | C39: 일반약·여행·생활 | D39: Scalp & Hair | E39: 두피·모발 상담과 화장품 | G39: 두피 약·화장품 구분 | H39: 탈모 외용 의약품 | I39: 비듬·두피 상담약 | J39: 두피 세럼·토닉 화장품 | K39: 두피 세정 샴푸 | L39: 5 | M39: 4 | N39: 0 | O39: 0 | P39: 1 | R39: P-2F-02 / -02-1 | S39: 1700 | T39: =SUMIFS('02_선반315'!$P$7:$P$321,'02_선반315'!$B$7:$B$321,A39) -> 7 | U39: =SUMIFS('02_선반315'!$Q$7:$Q$321,'02_선반315'!$B$7:$B$321,A39) -> 7 | V39: PDF p3~4 (2026-08-11)
A40: G3-U-2 | B40: 상면·POS 방향 | C40: 일반약·여행·생활 | D40: Personal Care | E40: 개인 위생·민감한 상담 | G40: 여성 경구 상담약·낮은 포장 | H40: 여성 국소 상담약 | I40: 여성 청결 화장품 | J40: 생리 위생용품 | K40: 콘돔·자가 검사 | L40: 5 | M40: 5 | N40: 0 | O40: 0 | P40: 0 | R40: P-2F-02 / -02-1 | S40: 1700 | T40: =SUMIFS('02_선반315'!$P$7:$P$321,'02_선반315'!$B$7:$B$321,A40) -> 9 | U40: =SUMIFS('02_선반315'!$Q$7:$Q$321,'02_선반315'!$B$7:$B$321,A40) -> 9 | V40: PDF p3~4 (2026-08-11)
A41: G3-U-3 | B41: 상면·POS 방향 | C41: 일반약·여행·생활 | D41: Rest & Personal Care | E41: 숙면 관련 제품 구분 | G41: 수면·개인 상담 안내 | H41: 수면 상담 의약품 | I41: 수면 관련 식품·시험 | J41: 다른 섭취형태·시험 | K41: 치질·항문 불편 상담 | L41: 5 | M41: 2 | N41: 0 | O41: 2 | P41: 1 | Q41: 수면 의약품·식품은 선반 분리. S5는 옆 Personal Care와 연결되는 개별 상담 품목. | R41: P-2F-02 / -02-1 | S41: 1700 | T41: =SUMIFS('02_선반315'!$P$7:$P$321,'02_선반315'!$B$7:$B$321,A41) -> 7 | U41: =SUMIFS('02_선반315'!$Q$7:$Q$321,'02_선반315'!$B$7:$B$321,A41) -> 7 | V41: PDF p3~4 (2026-08-11)
A42: G4-D-1 | B42: 하면·입구 방향 | C42: 영양·건강 선물 | D42: Vitamin C & Inner Beauty | E42: C·이너뷰티 선택 | F42: 고려은단 C는 1~2단 선택형 연속 블록 | G42: 경구제품 분류 안내 | H42: 비타민C 의약품 후보 | I42: 비타민C 식품·건기식 후보 | J42: 글루타치온 함유 식품 | K42: 비타민C 다매 포장 | L42: 5 | M42: 4 | N42: 0 | O42: 0 | P42: 1 | R42: P-2F-02 / -02-1 | S42: 1700 | T42: =SUMIFS('02_선반315'!$P$7:$P$321,'02_선반315'!$B$7:$B$321,A42) -> 7 | U42: =SUMIFS('02_선반315'!$Q$7:$Q$321,'02_선반315'!$B$7:$B$321,A42) -> 8 | V42: PDF p3~4 (2026-08-11)
A43: G4-D-2 | B43: 하면·입구 방향 | C43: 영양·건강 선물 | D43: Gut Care | E43: 유산균·식이섬유 식품 | G43: 장 건강·식품유형 안내 | H43: 일상 유산균 | I43: 여성 대상 유산균 | J43: 푸룬·식이섬유 식품 | K43: 효소 식품 | L43: 5 | M43: 4 | N43: 0 | O43: 0 | P43: 1 | R43: P-2F-02 / -02-1 | S43: 1700 | T43: =SUMIFS('02_선반315'!$P$7:$P$321,'02_선반315'!$B$7:$B$321,A43) -> 7 | U43: =SUMIFS('02_선반315'!$Q$7:$Q$321,'02_선반315'!$B$7:$B$321,A43) -> 8 | V43: PDF p3~4 (2026-08-11)
A44: G4-U-1 | B44: 상면·POS 방향 | C44: 영양·건강 선물 | D44: Collagen & Protein | E44: 먹는 뷰티·영양 보완 | F44: 에버콜라겐 선반 단위 선택 | G44: 섭취형태·성분 중복 확인 | H44: 콜라겐 스틱·분말 | I44: 콜라겐 다른 제형 | J44: 단백질 소포장 | K44: 아미노산·아르기닌 | L44: 5 | M44: 4 | N44: 0 | O44: 0 | P44: 1 | R44: P-2F-02 / -02-1 | S44: 1700 | T44: =SUMIFS('02_선반315'!$P$7:$P$321,'02_선반315'!$B$7:$B$321,A44) -> 7 | U44: =SUMIFS('02_선반315'!$Q$7:$Q$321,'02_선반315'!$B$7:$B$321,A44) -> 8 | V44: PDF p3~4 (2026-08-11)
A45: G4-U-2 | B45: 상면·POS 방향 | C45: 영양·건강 선물 | D45: Daily Nutrition | E45: 일상 영양 목적별 | G45: 일상 영양 선택 안내 | H45: 멀티비타민 남녀 비교 | I45: 루테인·눈 건강 영양 | J45: 오메가3 영양 | K45: 칼슘·비타민D·간 영양 | L45: 5 | M45: 4 | N45: 0 | O45: 0 | P45: 1 | R45: P-2F-02 / -02-1 | S45: 1700 | T45: =SUMIFS('02_선반315'!$P$7:$P$321,'02_선반315'!$B$7:$B$321,A45) -> 9 | U45: =SUMIFS('02_선반315'!$Q$7:$Q$321,'02_선반315'!$B$7:$B$321,A45) -> 9 | V45: PDF p3~4 (2026-08-11)
A46: G5-D-1 | B46: 하면·입구 방향 | C46: 더마·세정·선케어 | D46: Dr.Reju-All | E46: 브랜드 지정 구매 | F46: 닥터리쥬올 1모듈: 크림·장벽·마스크 + PDLLA 소량 시험. 지명 문의·회전 확인 후 유지. | G46: 닥터리쥬올 라인 안내 | H46: PDRN 기본 크림 | I46: 세라마이드 장벽 크림 | J46: PDRN 마스크 | K46: PDLLA 크림·소량 시험 | L46: 5 | M46: 3 | N46: 0 | O46: 1 | P46: 1 | Q46: 품목 3개라는 이유만으로 자동 축소하지 않음. 립 G6-D-1, 톤 G3-D-2, 두피 G3-U-1에는 위치 안내만 연결. | R46: P-2F-02 / -02-1 | S46: 1700 | T46: =SUMIFS('02_선반315'!$P$7:$P$321,'02_선반315'!$B$7:$B$321,A46) -> 4 | U46: =SUMIFS('02_선반315'!$Q$7:$Q$321,'02_선반315'!$B$7:$B$321,A46) -> 6 | V46: PDF p3~4 (2026-08-11)
A47: G5-D-2 | B47: 하면·입구 방향 | C47: 더마·세정·선케어 | D47: E 주름·탄력 | E47: Lines & Firmness | F47: 고민별 비교, 단일 브랜드 전면 배정 없음 | G47: 주름·탄력과 사용성분 확인 | H47: 레티놀·바쿠치올 세럼 | I47: 펩타이드 앰플 | J47: 탄력 고민 마스크 | K47: 탄력 고민 크림 | L47: 5 | M47: 3 | N47: 0 | O47: 1 | P47: 1 | Q47: 기존 리쥬란 전용 모듈을 전환. 리쥬란 대표 제형은 G5-D-3 비교 후보로 유지. | R47: P-2F-02 / -02-1 | S47: 1700 | T47: =SUMIFS('02_선반315'!$P$7:$P$321,'02_선반315'!$B$7:$B$321,A47) -> 6 | U47: =SUMIFS('02_선반315'!$Q$7:$Q$321,'02_선반315'!$B$7:$B$321,A47) -> 6 | V47: PDF p3~4 (2026-08-11)
A48: G5-D-3 | B48: 하면·입구 방향 | C48: 더마·세정·선케어 | D48: PDRN 제형 비교 | E48: 화장품 성분 탐색 | F48: 다브랜드 전종 입고 대신 제형별 선택 | G48: PDRN 화장품 제형 안내 | H48: 앰플형 비교 | I48: 크림형 비교 | J48: 팩 정규 포장·후크 대조 | K48: 마스크 정규 포장·후크 대조 | L48: 5 | M48: 4 | N48: 0 | O48: 0 | P48: 1 | Q48: 제나벨·피더린은 선택 가능한 대체 후보이며 리쥬란과 전종 병렬 입고하지 않음. | R48: P-2F-02 / -02-1 | S48: 1700 | T48: =SUMIFS('02_선반315'!$P$7:$P$321,'02_선반315'!$B$7:$B$321,A48) -> 7 | U48: =SUMIFS('02_선반315'!$Q$7:$Q$321,'02_선반315'!$B$7:$B$321,A48) -> 9 | V48: PDF p3~4 (2026-08-11)
A49: G5-U-1 | B49: 상면·POS 방향 | C49: 더마·세정·선케어 | D49: C 장벽·건조 | E49: Barrier & Dryness | F49: 브랜드보다 제형·건조 정도 비교 | G49: 장벽·건조 사용감 안내 | H49: 장벽 보습 크림 비교 | I49: 장벽 세럼 | J49: 장벽 보습 토너 | K49: 다른 제형 확장 여유 | L49: 5 | M49: 3 | N49: 0 | O49: 1 | P49: 1 | R49: P-2F-02 / -02-1 | S49: 1700 | T49: =SUMIFS('02_선반315'!$P$7:$P$321,'02_선반315'!$B$7:$B$321,A49) -> 5 | U49: =SUMIFS('02_선반315'!$Q$7:$Q$321,'02_선반315'!$B$7:$B$321,A49) -> 5 | V49: PDF p3~4 (2026-08-11)
A50: G5-U-2 | B50: 상면·POS 방향 | C50: 더마·세정·선케어 | D50: D 민감·진정 | E50: Calm & Comfort | F50: 마데카·프로캄 중 주력 제형 선택 | G50: 민감·진정 필요 안내 | H50: 테카·후시메디 크림 | I50: 가벼운 크림·진정 세럼 | J50: 진정 마스크 | K50: 진정 패드 | L50: 5 | M50: 4 | N50: 0 | O50: 0 | P50: 1 | Q50: 브랜드존을 택할 때는 연속된 선반으로 조정. 두 브랜드 전체 라인을 동시에 쌓지 않음. | R50: P-2F-02 / -02-1 | S50: 1700 | T50: =SUMIFS('02_선반315'!$P$7:$P$321,'02_선반315'!$B$7:$B$321,A50) -> 9 | U50: =SUMIFS('02_선반315'!$Q$7:$Q$321,'02_선반315'!$B$7:$B$321,A50) -> 11 | V50: PDF p3~4 (2026-08-11)
A51: G5-U-3 | B51: 상면·POS 방향 | C51: 더마·세정·선케어 | D51: C 얼굴 수분 | E51: Facial Hydration | G51: 얼굴 수분 제형 안내 | H51: 히알루론산 세럼·앰플 | I51: 수분 크림 | J51: 수분 마스크·패드 | K51: 추가 수분 제형 여유 | L51: 5 | M51: 3 | N51: 0 | O51: 1 | P51: 1 | Q51: 몸·손 보습은 G2-U-3으로 이동. 얼굴용 수분 제형만 비교. | R51: P-2F-02 / -02-1 | S51: 1700 | T51: =SUMIFS('02_선반315'!$P$7:$P$321,'02_선반315'!$B$7:$B$321,A51) -> 5 | U51: =SUMIFS('02_선반315'!$Q$7:$Q$321,'02_선반315'!$B$7:$B$321,A51) -> 5 | V51: PDF p3~4 (2026-08-11)
A52: G6-D-1 | B52: 하면·입구 방향 | C52: 립·눈·다리·구강 | D52: Lip Care | E52: 입술 필요별 구분 | G52: 입술 증상 외용약·낮은 포장 | H52: 립 스틱·밤 화장품 | I52: 립 에센스 비교 | J52: PDRN 립 세럼 | K52: 야간 립 마스크 | L52: 5 | M52: 5 | N52: 0 | O52: 0 | P52: 0 | R52: P-2F-02 / -02-1 | S52: 1700 | T52: =SUMIFS('02_선반315'!$P$7:$P$321,'02_선반315'!$B$7:$B$321,A52) -> 8 | U52: =SUMIFS('02_선반315'!$Q$7:$Q$321,'02_선반315'!$B$7:$B$321,A52) -> 9 | V52: PDF p3~4 (2026-08-11)
A53: G6-D-2 | B53: 하면·입구 방향 | C53: 립·눈·다리·구강 | D53: Eye Care | E53: 점안·렌즈·눈가 구분 | G53: 다회용 점안제·낮은 포장 | H53: 일회용 점안제 | I53: 눈꺼풀 위생 | J53: 렌즈 세정·보존 | K53: 눈가 보습 화장품 | L53: 5 | M53: 5 | N53: 0 | O53: 0 | P53: 0 | R53: P-2F-02 / -02-1 | S53: 1700 | T53: =SUMIFS('02_선반315'!$P$7:$P$321,'02_선반315'!$B$7:$B$321,A53) -> 10 | U53: =SUMIFS('02_선반315'!$Q$7:$Q$321,'02_선반315'!$B$7:$B$321,A53) -> 11 | V53: PDF p3~4 (2026-08-11)
A54: G6-D-3 | B54: 하면·입구 방향 | C54: 립·눈·다리·구강 | D54: Leg Comfort | E54: 다리 무거움 상담 | G54: 다리 불편 상담 안내 | H54: 액상 다리 순환 상담약 | I54: 정제 다리 순환 상담약 | J54: 분말 제형 비교 | K54: 추가 규격 여유 | L54: 5 | M54: 3 | N54: 0 | O54: 1 | P54: 1 | R54: P-2F-02 / -02-1 | S54: 1700 | T54: =SUMIFS('02_선반315'!$P$7:$P$321,'02_선반315'!$B$7:$B$321,A54) -> 4 | U54: =SUMIFS('02_선반315'!$Q$7:$Q$321,'02_선반315'!$B$7:$B$321,A54) -> 5 | V54: PDF p3~4 (2026-08-11)
A55: G6-U-1 | B55: 상면·POS 방향 | C55: 피부약·상처 보호 | D55: Foot Treatments | E55: 발 피부 의약품 | G55: 티눈 상담약·낮은 포장 | H55: 무좀 크림·겔 | I55: 다른 부위·제형 진균 외용약 | J55: 땀 상담 외용약 | K55: 발바닥 티눈용 | L55: 5 | M55: 5 | N55: 0 | O55: 0 | P55: 0 | R55: P-2F-02 / -02-1 | S55: 1700 | T55: =SUMIFS('02_선반315'!$P$7:$P$321,'02_선반315'!$B$7:$B$321,A55) -> 9 | U55: =SUMIFS('02_선반315'!$Q$7:$Q$321,'02_선반315'!$B$7:$B$321,A55) -> 10 | V55: PDF p3~4 (2026-08-11)
A56: G6-U-2 | B56: 상면·POS 방향 | C56: 립·눈·다리·구강 | D56: Foot Care | E56: 발 보습·마찰 관리 | G56: 발 화장품·의약품 구분 | H56: 발 보습 크림 | I56: 발 각질 케어 팩 | J56: 발 미스트·스프레이 | K56: 풋파일·보습양말 | L56: 5 | M56: 4 | N56: 0 | O56: 0 | P56: 1 | R56: P-2F-02 / -02-1 | S56: 1700 | T56: =SUMIFS('02_선반315'!$P$7:$P$321,'02_선반315'!$B$7:$B$321,A56) -> 8 | U56: =SUMIFS('02_선반315'!$Q$7:$Q$321,'02_선반315'!$B$7:$B$321,A56) -> 8 | V56: PDF p3~4 (2026-08-11)
A57: G6-U-3 | B57: 상면·POS 방향 | C57: 일반약·여행·생활 | D57: Walking & Outdoor | E57: 걷기·야외 보조 | G57: 휴대 핫팩·낮은 포장 | H57: 발목·무릎 지지 | I57: 온열 보조용품 | J57: 휴대 수분·에너지 식품 | K57: 벌레물림 외용약 | L57: 5 | M57: 5 | N57: 0 | O57: 0 | P57: 0 | R57: P-2F-02 / -02-1 | S57: 1700 | T57: =SUMIFS('02_선반315'!$P$7:$P$321,'02_선반315'!$B$7:$B$321,A57) -> 8 | U57: =SUMIFS('02_선반315'!$Q$7:$Q$321,'02_선반315'!$B$7:$B$321,A57) -> 8 | V57: PDF p3~4 (2026-08-11)
A58: G1-EL | B58: 도면 왼쪽 엔드 | C58: 피부약·상처 보호 | D58: Acne Finder | E58: 여드름 상태 선택 | G58: 선택 안내 | H58: 추가 도입 여유 | I58: 추가 도입 여유 | J58: 추가 도입 여유 | K58: 추가 도입 여유 | L58: 5 | M58: 0 | N58: 0 | O58: 2 | P58: 3 | R58: P-2F-02 엔드 | S58: 1700 | T58: =SUMIFS('02_선반315'!$P$7:$P$321,'02_선반315'!$B$7:$B$321,A58) -> 0 | U58: =SUMIFS('02_선반315'!$Q$7:$Q$321,'02_선반315'!$B$7:$B$321,A58) -> 0 | V58: PDF p3 (2026-08-11)
A59: G1-ER | B59: 도면 오른쪽 엔드 | C59: 더마·세정·선케어 | D59: Pore & Body | E59: 피지와 몸 피부 구분 | G59: 선택 안내 | H59: 피지·모공 스킨케어 | I59: 바디 보습·미스트 | J59: 추가 도입 여유 | K59: 추가 도입 여유 | L59: 5 | M59: 0 | N59: 2 | O59: 2 | P59: 1 | R59: P-2F-02 엔드 | S59: 1700 | T59: =SUMIFS('02_선반315'!$P$7:$P$321,'02_선반315'!$B$7:$B$321,A59) -> 2 | U59: =SUMIFS('02_선반315'!$Q$7:$Q$321,'02_선반315'!$B$7:$B$321,A59) -> 2 | V59: PDF p3 (2026-08-11)
A60: G2-EL | B60: 도면 왼쪽 엔드 | C60: 피부약·상처 보호 | D60: Scar Finder | E60: 아문 흉터 타입 비교 | G60: 선택 안내 | H60: 흉터 외용제 | I60: 실리콘 흉터관리 제품 | J60: 추가 도입 여유 | K60: 추가 도입 여유 | L60: 5 | M60: 0 | N60: 2 | O60: 2 | P60: 1 | R60: P-2F-02 엔드 | S60: 1700 | T60: =SUMIFS('02_선반315'!$P$7:$P$321,'02_선반315'!$B$7:$B$321,A60) -> 2 | U60: =SUMIFS('02_선반315'!$Q$7:$Q$321,'02_선반315'!$B$7:$B$321,A60) -> 2 | V60: PDF p3 (2026-08-11)
A61: G2-ER | B61: 도면 오른쪽 엔드 | C61: 피부약·상처 보호 | D61: Wound Cover | E61: 상처 보호재 선택 | G61: 선택 안내 | H61: 일반·방수 밴드 | I61: 습윤 드레싱 | J61: 추가 도입 여유 | K61: 추가 도입 여유 | L61: 5 | M61: 0 | N61: 2 | O61: 2 | P61: 1 | R61: P-2F-02 엔드 | S61: 1700 | T61: =SUMIFS('02_선반315'!$P$7:$P$321,'02_선반315'!$B$7:$B$321,A61) -> 2 | U61: =SUMIFS('02_선반315'!$Q$7:$Q$321,'02_선반315'!$B$7:$B$321,A61) -> 2 | V61: PDF p3 (2026-08-11)
A62: G3-EL | B62: 도면 왼쪽 엔드 | C62: 더마·세정·선케어 | D62: Tone & Sun | E62: 색소와 화장품 구분 | G62: 선택 안내 | H62: 기미·색소 외용제 | I62: 자외선차단 | J62: 추가 도입 여유 | K62: 추가 도입 여유 | L62: 5 | M62: 0 | N62: 2 | O62: 2 | P62: 1 | R62: P-2F-02 엔드 | S62: 1700 | T62: =SUMIFS('02_선반315'!$P$7:$P$321,'02_선반315'!$B$7:$B$321,A62) -> 2 | U62: =SUMIFS('02_선반315'!$Q$7:$Q$321,'02_선반315'!$B$7:$B$321,A62) -> 2 | V62: PDF p3 (2026-08-11)
A63: G3-ER | B63: 도면 오른쪽 엔드 | C63: 일반약·여행·생활 | D63: Scalp & Rest | E63: 두피·휴식 필요별 안내 | G63: 선택 안내 | H63: 두피 화장품 | I63: 탈모·두피 상담약 | J63: 추가 도입 여유 | K63: 추가 도입 여유 | L63: 5 | M63: 0 | N63: 2 | O63: 2 | P63: 1 | R63: P-2F-02 엔드 | S63: 1700 | T63: =SUMIFS('02_선반315'!$P$7:$P$321,'02_선반315'!$B$7:$B$321,A63) -> 2 | U63: =SUMIFS('02_선반315'!$Q$7:$Q$321,'02_선반315'!$B$7:$B$321,A63) -> 2 | V63: PDF p3 (2026-08-11)
... A69: G6-ER | B69: 도면 오른쪽 엔드 | C69: 일반약·여행·생활 | D69: Walk Comfort | E69: 많이 걷는 여행 | G69: 선택 안내 | H69: 풋 케어 화장품 | I69: 수분·에너지 식품 | J69: 추가 도입 여유 | K69: 추가 도입 여유 | L69: 5 | M69: 0 | N69: 2 | O69: 2 | P69: 1 | R69: P-2F-02 엔드 | S69: 1700 | T69: =SUMIFS('02_선반315'!$P$7:$P$321,'02_선반315'!$B$7:$B$321,A69) -> 2 | U69: =SUMIFS('02_선반315'!$Q$7:$Q$321,'02_선반315'!$B$7:$B$321,A69) -> 2 | V69: PDF p3 (2026-08-11)
A71: 합계 | L71: =SUM(L7:L69) -> 315 | M71: =SUM(M7:M69) -> 165 | N71: =SUM(N7:N69) -> 40 | O71: =SUM(O7:O69) -> 50 | P71: =SUM(P7:P69) -> 60

Sheet 02_선반315
A2: 315개 선반 · 증상·상품·페이싱·수용 검토
A3: S1 최상단 → S5 최하단 | 215단 상품 배정 · 60단 안내 · 40단 확장 여유 | 노란 확정란은 최종 실측·소매단위 확인 후 사용
A6: 선반 ID | B6: 모듈 | C6: 방향 | D6: 단 | E6: 주테마 | F6: 고민·증상 | G6: 운영 상품군 | H6: 권장 취급제품 | I6: 원본 공급코드 | J6: 대체 선택 방법 | K6: 운영 상태 | L6: 확정 상품명 | M6: 확정 공급코드 | N6: 진열·상담 기준 | O6: 자료 수준 | P6: 활성 SKU행 | Q6: 계획 F 합계 | R6: 적용 유효폭 | S6: 적용 깊이 | T6: 도면 개구높이 | U6: 상품높이 상한 | V6: 사용폭 합계 | W6: 수용 검토 | X6: 초기 SKU별 F | Y6: 후크 확인 | Z6: 개별 실측폭 | AA6: 개별 실측깊이 | AB6: 개별 실측개구
A7: W1/S1 | B7: W1 | C7: 상단 벽면 | D7: 1 | E7: 피부약·상처 보호 | F7: PDRN 분류·상담 안내 | G7: PDRN 일반의약품 / 창상피복재·MD 크림 | J7: 대체 후보는 전체 상품 시트에서 동일 상품군 필터 | K7: 안내 | N7: 높은 위치로 판매재고 대신 브랜드·제품 분류 안내. 무거운 선물 박스를 올리지 않음. | O7: PDF p5~6 (2026-08-11) + 원본 2526품목; 판매·마진 데이터 없음 | P7: =COUNTIFS('05_상품별배치367'!$B$7:$B$373,A7,'05_상품별배치367'!$K$7:$K$373,">0") -> 0 | Q7: =SUMIFS('05_상품별배치367'!$K$7:$K$373,'05_상품별배치367'!$B$7:$B$373,A7) -> 0 | R7: =IF(Z7="",'06_집기치수20'!N7,Z7) -> 865 | S7: =IF(AA7="",'06_집기치수20'!O7,AA7) -> 330 | T7: 460 | U7: =IF(AB7="",'06_집기치수20'!P7,AB7-'06_집기치수20'!I7) -> 440 | V7: =IF(Q7=0,"",IF(COUNTIFS('05_상품별배치367'!$B$7:$B$373,A7,'05_상품별배치367'!$T$7:$T$373,"입력 대기")>0,"",SUMIFS('05_상품별배치367'!$S$7:$S$373,'05_상품별배치367'!$B$7:$B$373,A7))) | W7: =IF(Q7=0,"미진열",IF(COUNTIFS('05_상품별배치367'!$B$7:$B$373,A7,'05_상품별배치367'!$T$7:$T$373,"치수 초과")>0,"치수 초과",IF(COUNTIFS('05_상품별배치367'!$B$7:$B$373,A7,'05_상품별배치367'!$T$7:$T$373,"입력 대기")>0,"치수 입력 대기",IF(V7>R7,"폭 합계 초과","도면/실측 범위 내·현장확인")))) -> 미진열 | Y7: 선반
A8: W1/S2 | B8: W1 | C8: 상단 벽면 | D8: 2 | E8: 피부약·상처 보호 | F8: PDRN 일반의약품 | G8: PDRN 일반의약품 | H8: 리쥬비넥스크림 | I8: pd0002364 | J8: 대체 후보는 전체 상품 시트에서 동일 상품군 필터 | K8: 오픈 진열 | N8: 상품명·규격은 원장 보존. 판매 단위·포장 치수·집기 실측 확인 후 배치 확정. | O8: PDF p5~6 (2026-08-11) + 원본 2526품목; 판매·마진 데이터 없음 | P8: =COUNTIFS('05_상품별배치367'!$B$7:$B$373,A8,'05_상품별배치367'!$K$7:$K$373,">0") -> 1 | Q8: =SUMIFS('05_상품별배치367'!$K$7:$K$373,'05_상품별배치367'!$B$7:$B$373,A8) -> 2 | R8: =IF(Z8="",'06_집기치수20'!N8,Z8) -> 865 | S8: =IF(AA8="",'06_집기치수20'!O8,AA8) -> 330 | T8: 290 | U8: =IF(AB8="",'06_집기치수20'!P8,AB8-'06_집기치수20'!I8) -> 270 | V8: =IF(Q8=0,"",IF(COUNTIFS('05_상품별배치367'!$B$7:$B$373,A8,'05_상품별배치367'!$T$7:$T$373,"입력 대기")>0,"",SUMIFS('05_상품별배치367'!$S$7:$S$373,'05_상품별배치367'!$B$7:$B$373,A8))) | W8: =IF(Q8=0,"미진열",IF(COUNTIFS('05_상품별배치367'!$B$7:$B$373,A8,'05_상품별배치367'!$T$7:$T$373,"치수 초과")>0,"치수 초과",IF(COUNTIFS('05_상품별배치367'!$B$7:$B$373,A8,'05_상품별배치367'!$T$7:$T$373,"입력 대기")>0,"치수 입력 대기",IF(V8>R8,"폭 합계 초과","도면/실측 범위 내·현장확인")))) -> 치수 입력 대기 | X8: pd0002364 2F | Y8: 선반
A9: W1/S3 | B9: W1 | C9: 상단 벽면 | D9: 3 | E9: 피부약·상처 보호 | F9: 가려움·피부염 외용약 | G9: 피부염·가려움 외용제 | H9: 리도프론크림 녹십자노바손크림 | I9: pd0000002 pd0001901 | J9: 대체 후보는 전체 상품 시트에서 동일 상품군 필터 | K9: 오픈 진열 | N9: 상품명·규격은 원장 보존. 판매 단위·포장 치수·집기 실측 확인 후 배치 확정. | O9: PDF p5~6 (2026-08-11) + 원본 2526품목; 판매·마진 데이터 없음 | P9: =COUNTIFS('05_상품별배치367'!$B$7:$B$373,A9,'05_상품별배치367'!$K$7:$K$373,">0") -> 2 | Q9: =SUMIFS('05_상품별배치367'!$K$7:$K$373,'05_상품별배치367'!$B$7:$B$373,A9) -> 2 | R9: =IF(Z9="",'06_집기치수20'!N9,Z9) -> 865 | S9: =IF(AA9="",'06_집기치수20'!O9,AA9) -> 330 | T9: 290 | U9: =IF(AB9="",'06_집기치수20'!P9,AB9-'06_집기치수20'!I9) -> 270 | V9: =IF(Q9=0,"",IF(COUNTIFS('05_상품별배치367'!$B$7:$B$373,A9,'05_상품별배치367'!$T$7:$T$373,"입력 대기")>0,"",SUMIFS('05_상품별배치367'!$S$7:$S$373,'05_상품별배치367'!$B$7:$B$373,A9))) | W9: =IF(Q9=0,"미진열",IF(COUNTIFS('05_상품별배치367'!$B$7:$B$373,A9,'05_상품별배치367'!$T$7:$T$373,"치수 초과")>0,"치수 초과",IF(COUNTIFS('05_상품별배치367'!$B$7:$B$373,A9,'05_상품별배치367'!$T$7:$T$373,"입력 대기")>0,"치수 입력 대기",IF(V9>R9,"폭 합계 초과","도면/실측 범위 내·현장확인")))) -> 치수 입력 대기 | X9: pd0000002 1F pd0001901 1F | Y9: 선반
A10: W1/S4 | B10: W1 | C10: 상단 벽면 | D10: 4 | E10: 피부약·상처 보호 | F10: 피부 상담약 확장 여유 | G10: 피부염·가려움 외용제 | J10: 대체 후보는 전체 상품 시트에서 동일 상품군 필터 | K10: 확장 여유 | N10: 상품명·규격은 원장 보존. 판매 단위·포장 치수·집기 실측 확인 후 배치 확정. | O10: PDF p5~6 (2026-08-11) + 원본 2526품목; 판매·마진 데이터 없음 | P10: =COUNTIFS('05_상품별배치367'!$B$7:$B$373,A10,'05_상품별배치367'!$K$7:$K$373,">0") -> 0 | Q10: =SUMIFS('05_상품별배치367'!$K$7:$K$373,'05_상품별배치367'!$B$7:$B$373,A10) -> 0 | R10: =IF(Z10="",'06_집기치수20'!N10,Z10) -> 865 | S10: =IF(AA10="",'06_집기치수20'!O10,AA10) -> 330 | T10: 290 | U10: =IF(AB10="",'06_집기치수20'!P10,AB10-'06_집기치수20'!I10) -> 270 | V10: =IF(Q10=0,"",IF(COUNTIFS('05_상품별배치367'!$B$7:$B$373,A10,'05_상품별배치367'!$T$7:$T$373,"입력 대기")>0,"",SUMIFS('05_상품별배치367'!$S$7:$S$373,'05_상품별배치367'!$B$7:$B$373,A10))) | W10: =IF(Q10=0,"미진열",IF(COUNTIFS('05_상품별배치367'!$B$7:$B$373,A10,'05_상품별배치367'!$T$7:$T$373,"치수 초과")>0,"치수 초과",IF(COUNTIFS('05_상품별배치367'!$B$7:$B$373,A10,'05_상품별배치367'!$T$7:$T$373,"입력 대기")>0,"치수 입력 대기",IF(V10>R10,"폭 합계 초과","도면/실측 범위 내·현장확인")))) -> 미진열 | Y10: 선반
A11: W1/S5 | B11: W1 | C11: 상단 벽면 | D11: 5 | E11: 피부약·상처 보호 | F11: MD 보호재·의료기기 분리 | G11: 창상피복재·MD 크림 | H11: 리쥬비엠디크림 비티테라 테라베리어크림 엠디(MD) | I11: pd0002328 pd0000602 | J11: 대체 후보는 전체 상품 시트에서 동일 상품군 필터 | K11: 오픈 진열 | N11: 상품명·규격은 원장 보존. 판매 단위·포장 치수·집기 실측 확인 후 배치 확정. | O11: PDF p5~6 (2026-08-11) + 원본 2526품목; 판매·마진 데이터 없음 | P11: =COUNTIFS('05_상품별배치367'!$B$7:$B$373,A11,'05_상품별배치367'!$K$7:$K$373,">0") -> 2 | Q11: =SUMIFS('05_상품별배치367'!$K$7:$K$373,'05_상품별배치367'!$B$7:$B$373,A11) -> 2 | R11: =IF(Z11="",'06_집기치수20'!N11,Z11) -> 865 | S11: =IF(AA11="",'06_집기치수20'!O11,AA11) -> 330 | T11: 330 | U11: =IF(AB11="",'06_집기치수20'!P11,AB11-'06_집기치수20'!I11) -> 310 | V11: =IF(Q11=0,"",IF(COUNTIFS('05_상품별배치367'!$B$7:$B$373,A11,'05_상품별배치367'!$T$7:$T$373,"입력 대기")>0,"",SUMIFS('05_상품별배치367'!$S$7:$S$373,'05_상품별배치367'!$B$7:$B$373,A11))) | W11: =IF(Q11=0,"미진열",IF(COUNTIFS('05_상품별배치367'!$B$7:$B$373,A11,'05_상품별배치367'!$T$7:$T$373,"치수 초과")>0,"치수 초과",IF(COUNTIFS('05_상품별배치367'!$B$7:$B$373,A11,'05_상품별배치367'!$T$7:$T$373,"입력 대기")>0,"치수 입력 대기",IF(V11>R11,"폭 합계 초과","도면/실측 범위 내·현장확인")))) -> 치수 입력 대기 | X11: pd0002328 1F pd0000602 1F | Y11: 선반
A12: W2/S1 | B12: W2 | C12: 상단 벽면 | D12: 1 | E12: 더마·세정·선케어 | F12: EGF 화장품 제형 안내 | G12: EGF 스킨케어 | J12: 대체 후보는 전체 상품 시트에서 동일 상품군 필터 | K12: 안내 | N12: 높은 위치로 판매재고 대신 브랜드·제품 분류 안내. 무거운 선물 박스를 올리지 않음. | O12: PDF p5~6 (2026-08-11) + 원본 2526품목; 판매·마진 데이터 없음 | P12: =COUNTIFS('05_상품별배치367'!$B$7:$B$373,A12,'05_상품별배치367'!$K$7:$K$373,">0") -> 0 | Q12: =SUMIFS('05_상품별배치367'!$K$7:$K$373,'05_상품별배치367'!$B$7:$B$373,A12) -> 0 | R12: =IF(Z12="",'06_집기치수20'!N7,Z12) -> 865 | S12: =IF(AA12="",'06_집기치수20'!O7,AA12) -> 330 | T12: 460 | U12: =IF(AB12="",'06_집기치수20'!P7,AB12-'06_집기치수20'!I7) -> 440 | V12: =IF(Q12=0,"",IF(COUNTIFS('05_상품별배치367'!$B$7:$B$373,A12,'05_상품별배치367'!$T$7:$T$373,"입력 대기")>0,"",SUMIFS('05_상품별배치367'!$S$7:$S$373,'05_상품별배치367'!$B$7:$B$373,A12))) | W12: =IF(Q12=0,"미진열",IF(COUNTIFS('05_상품별배치367'!$B$7:$B$373,A12,'05_상품별배치367'!$T$7:$T$373,"치수 초과")>0,"치수 초과",IF(COUNTIFS('05_상품별배치367'!$B$7:$B$373,A12,'05_상품별배치367'!$T$7:$T$373,"입력 대기")>0,"치수 입력 대기",IF(V12>R12,"폭 합계 초과","도면/실측 범위 내·현장확인")))) -> 미진열 | Y12: 선반
A13: W2/S2 | B13: W2 | C13: 상단 벽면 | D13: 2 | E13: 더마·세정·선케어 | F13: EGFx 앰플 비교 | G13: EGF 스킨케어 | H13: 이지에프엑스 포스트레이저 이지에프엑스 포스트엘써마 이지에프엑스 포스트스킨부스터 | I13: pd0002295 pd0002297 pd0002300 | J13: 대체 후보는 전체 상품 시트에서 동일 상품군 필터 | K13: 오픈 진열 | N13: 상품명·규격은 원장 보존. 판매 단위·포장 치수·집기 실측 확인 후 배치 확정. | O13: PDF p5~6 (2026-08-11) + 원본 2526품목; 판매·마진 데이터 없음 | P13: =COUNTIFS('05_상품별배치367'!$B$7:$B$373,A13,'05_상품별배치367'!$K$7:$K$373,">0") -> 3 | Q13: =SUMIFS('05_상품별배치367'!$K$7:$K$373,'05_상품별배치367'!$B$7:$B$373,A13) -> 3 | R13: =IF(Z13="",'06_집기치수20'!N8,Z13) -> 865 | S13: =IF(AA13="",'06_집기치수20'!O8,AA13) -> 330 | T13: 290 | U13: =IF(AB13="",'06_집기치수20'!P8,AB13-'06_집기치수20'!I8) -> 270 | V13: =IF(Q13=0,"",IF(COUNTIFS('05_상품별배치367'!$B$7:$B$373,A13,'05_상품별배치367'!$T$7:$T$373,"입력 대기")>0,"",SUMIFS('05_상품별배치367'!$S$7:$S$373,'05_상품별배치367'!$B$7:$B$373,A13))) | W13: =IF(Q13=0,"미진열",IF(COUNTIFS('05_상품별배치367'!$B$7:$B$373,A13,'05_상품별배치367'!$T$7:$T$373,"치수 초과")>0,"치수 초과",IF(COUNTIFS('05_상품별배치367'!$B$7:$B$373,A13,'05_상품별배치367'!$T$7:$T$373,"입력 대기")>0,"치수 입력 대기",IF(V13>R13,"폭 합계 초과","도면/실측 범위 내·현장확인")))) -> 치수 입력 대기 | X13: pd0002295 1F pd0002297 1F pd0002300 1F | Y13: 선반
A14: W2/S3 | B14: W2 | C14: 상단 벽면 | D14: 3 | E14: 더마·세정·선케어 | F14: 프로캄·이지듀 EGF 크림 | G14: EGF 스킨케어 | H14: 프로캄EGF 액티브 바이탈 크림 이지듀 3X 이지에프10 리페어크림 | I14: pd0002442 pd0002303 | J14: 대체 후보는 전체 상품 시트에서 동일 상품군 필터 | K14: 오픈 진열 | N14: 상품명·규격은 원장 보존. 판매 단위·포장 치수·집기 실측 확인 후 배치 확정. | O14: PDF p5~6 (2026-08-11) + 원본 2526품목; 판매·마진 데이터 없음 | P14: =COUNTIFS('05_상품별배치367'!$B$7:$B$373,A14,'05_상품별배치367'!$K$7:$K$373,">0") -> 2 | Q14: =SUMIFS('05_상품별배치367'!$K$7:$K$373,'05_상품별배치367'!$B$7:$B$373,A14) -> 3 | R14: =IF(Z14="",'06_집기치수20'!N9,Z14) -> 865 | S14: =IF(AA14="",'06_집기치수20'!O9,AA14) -> 330 | T14: 290 | U14: =IF(AB14="",'06_집기치수20'!P9,AB14-'06_집기치수20'!I9) -> 270 | V14: =IF(Q14=0,"",IF(COUNTIFS('05_상품별배치367'!$B$7:$B$373,A14,'05_상품별배치367'!$T$7:$T$373,"입력 대기")>0,"",SUMIFS('05_상품별배치367'!$S$7:$S$373,'05_상품별배치367'!$B$7:$B$373,A14))) | W14: =IF(Q14=0,"미진열",IF(COUNTIFS('05_상품별배치367'!$B$7:$B$373,A14,'05_상품별배치367'!$T$7:$T$373,"치수 초과")>0,"치수 초과",IF(COUNTIFS('05_상품별배치367'!$B$7:$B$373,A14,'05_상품별배치367'!$T$7:$T$373,"입력 대기")>0,"치수 입력 대기",IF(V14>R14,"폭 합계 초과","도면/실측 범위 내·현장확인")))) -> 치수 입력 대기 | X14: pd0002442 2F pd0002303 1F | Y14: 선반
A15: W2/S4 | B15: W2 | C15: 상단 벽면 | D15: 4 | E15: 더마·세정·선케어 | F15: EGF·PDRN 마스크 | G15: PDRN 스킨케어 | H15: 프로캄 EGF PDRN 액티브 시너지 마스크 | I15: pd0002372 | J15: 대체 후보는 전체 상품 시트에서 동일 상품군 필터 | K15: 오픈 진열 | N15: 상품명·규격은 원장 보존. 판매 단위·포장 치수·집기 실측 확인 후 배치 확정. | O15: PDF p5~6 (2026-08-11) + 원본 2526품목; 판매·마진 데이터 없음 | P15: =COUNTIFS('05_상품별배치367'!$B$7:$B$373,A15,'05_상품별배치367'!$K$7:$K$373,">0") -> 1 | Q15: =SUMIFS('05_상품별배치367'!$K$7:$K$373,'05_상품별배치367'!$B$7:$B$373,A15) -> 1 | R15: =IF(Z15="",'06_집기치수20'!N10,Z15) -> 865 | S15: =IF(AA15="",'06_집기치수20'!O10,AA15) -> 330 | T15: 290 | U15: =IF(AB15="",'06_집기치수20'!P10,AB15-'06_집기치수20'!I10) -> 270 | V15: =IF(Q15=0,"",IF(COUNTIFS('05_상품별배치367'!$B$7:$B$373,A15,'05_상품별배치367'!$T$7:$T$373,"입력 대기")>0,"",SUMIFS('05_상품별배치367'!$S$7:$S$373,'05_상품별배치367'!$B$7:$B$373,A15))) | W15: =IF(Q15=0,"미진열",IF(COUNTIFS('05_상품별배치367'!$B$7:$B$373,A15,'05_상품별배치367'!$T$7:$T$373,"치수 초과")>0,"치수 초과",IF(COUNTIFS('05_상품별배치367'!$B$7:$B$373,A15,'05_상품별배치367'!$T$7:$T$373,"입력 대기")>0,"치수 입력 대기",IF(V15>R15,"폭 합계 초과","도면/실측 범위 내·현장확인")))) -> 치수 입력 대기 | X15: pd0002372 1F | Y15: 선반
A16: W2/S5 | B16: W2 | C16: 상단 벽면 | D16: 5 | E16: 더마·세정·선케어 | F16: 프리미엄 추가 규격 여유 | G16: EGF 스킨케어 | J16: 대체 후보는 전체 상품 시트에서 동일 상품군 필터 | K16: 확장 여유 | N16: 상품명·규격은 원장 보존. 판매 단위·포장 치수·집기 실측 확인 후 배치 확정. | O16: PDF p5~6 (2026-08-11) + 원본 2526품목; 판매·마진 데이터 없음 | P16: =COUNTIFS('05_상품별배치367'!$B$7:$B$373,A16,'05_상품별배치367'!$K$7:$K$373,">0") -> 0 | Q16: =SUMIFS('05_상품별배치367'!$K$7:$K$373,'05_상품별배치367'!$B$7:$B$373,A16) -> 0 | R16: =IF(Z16="",'06_집기치수20'!N11,Z16) -> 865 | S16: =IF(AA16="",'06_집기치수20'!O11,AA16) -> 330 | T16: 330 | U16: =IF(AB16="",'06_집기치수20'!P11,AB16-'06_집기치수20'!I11) -> 310 | V16: =IF(Q16=0,"",IF(COUNTIFS('05_상품별배치367'!$B$7:$B$373,A16,'05_상품별배치367'!$T$7:$T$373,"입력 대기")>0,"",SUMIFS('05_상품별배치367'!$S$7:$S$373,'05_상품별배치367'!$B$7:$B$373,A16))) | W16: =IF(Q16=0,"미진열",IF(COUNTIFS('05_상품별배치367'!$B$7:$B$373,A16,'05_상품별배치367'!$T$7:$T$373,"치수 초과")>0,"치수 초과",IF(COUNTIFS('05_상품별배치367'!$B$7:$B$373,A16,'05_상품별배치367'!$T$7:$T$373,"입력 대기")>0,"치수 입력 대기",IF(V16>R16,"폭 합계 초과","도면/실측 범위 내·현장확인")))) -> 미진열 | Y16: 선반
A17: W3/S1 | B17: W3 | C17: 상단 벽면 | D17: 1 | E17: 추천·상담 안내 | F17: 환절기 보습 테마 | G17: 안내·교체 여유 | J17: 대체 후보는 전체 상품 시트에서 동일 상품군 필터 | K17: 안내 | N17: 높은 위치로 판매재고 대신 브랜드·제품 분류 안내. 무거운 선물 박스를 올리지 않음. | O17: PDF p5~6 (2026-08-11) + 원본 2526품목; 판매·마진 데이터 없음 | P17: =COUNTIFS('05_상품별배치367'!$B$7:$B$373,A17,'05_상품별배치367'!$K$7:$K$373,">0") -> 0 | Q17: =SUMIFS('05_상품별배치367'!$K$7:$K$373,'05_상품별배치367'!$B$7:$B$373,A17) -> 0 | R17: =IF(Z17="",'06_집기치수20'!N7,Z17) -> 865 | S17: =IF(AA17="",'06_집기치수20'!O7,AA17) -> 330 | T17: 460 | U17: =IF(AB17="",'06_집기치수20'!P7,AB17-'06_집기치수20'!I7) -> 440 | V17: =IF(Q17=0,"",IF(COUNTIFS('05_상품별배치367'!$B$7:$B$373,A17,'05_상품별배치367'!$T$7:$T$373,"입력 대기")>0,"",SUMIFS('05_상품별배치367'!$S$7:$S$373,'05_상품별배치367'!$B$7:$B$373,A17))) | W17: =IF(Q17=0,"미진열",IF(COUNTIFS('05_상품별배치367'!$B$7:$B$373,A17,'05_상품별배치367'!$T$7:$T$373,"치수 초과")>0,"치수 초과",IF(COUNTIFS('05_상품별배치367'!$B$7:$B$373,A17,'05_상품별배치367'!$T$7:$T$373,"입력 대기")>0,"치수 입력 대기",IF(V17>R17,"폭 합계 초과","도면/실측 범위 내·현장확인")))) -> 미진열 | Y17: 선반
A18: W3/S2 | B18: W3 | C18: 상단 벽면 | D18: 2 | E18: 추천·상담 안내 | F18: 진정 크림 테마 | G18: 진정 스킨케어 | H18: 프로캄 후시메디 리페어 크림S | I18: pd0002461 | J18: 대체 후보는 전체 상품 시트에서 동일 상품군 필터 | K18: 테마 진열 | N18: 상품명·규격은 원장 보존. 판매 단위·포장 치수·집기 실측 확인 후 배치 확정. | O18: PDF p5~6 (2026-08-11) + 원본 2526품목; 판매·마진 데이터 없음 | P18: =COUNTIFS('05_상품별배치367'!$B$7:$B$373,A18,'05_상품별배치367'!$K$7:$K$373,">0") -> 1 | Q18: =SUMIFS('05_상품별배치367'!$K$7:$K$373,'05_상품별배치367'!$B$7:$B$373,A18) -> 1 | R18: =IF(Z18="",'06_집기치수20'!N8,Z18) -> 865 | S18: =IF(AA18="",'06_집기치수20'!O8,AA18) -> 330 | T18: 290 | U18: =IF(AB18="",'06_집기치수20'!P8,AB18-'06_집기치수20'!I8) -> 270 | V18: =IF(Q18=0,"",IF(COUNTIFS('05_상품별배치367'!$B$7:$B$373,A18,'05_상품별배치367'!$T$7:$T$373,"입력 대기")>0,"",SUMIFS('05_상품별배치367'!$S$7:$S$373,'05_상품별배치367'!$B$7:$B$373,A18))) | W18: =IF(Q18=0,"미진열",IF(COUNTIFS('05_상품별배치367'!$B$7:$B$373,A18,'05_상품별배치367'!$T$7:$T$373,"치수 초과")>0,"치수 초과",IF(COUNTIFS('05_상품별배치367'!$B$7:$B$373,A18,'05_상품별배치367'!$T$7:$T$373,"입력 대기")>0,"치수 입력 대기",IF(V18>R18,"폭 합계 초과","도면/실측 범위 내·현장확인")))) -> 치수 입력 대기 | X18: pd0002461 1F | Y18: 선반
A19: W3/S3 | B19: W3 | C19: 상단 벽면 | D19: 3 | E19: 추천·상담 안내 | F19: 장벽 세럼 테마 | G19: 장벽·보습 스킨케어 | H19: 톰 PPM 트리플 시너지 베리어 세럼 | I19: pd0002415 | J19: 대체 후보는 전체 상품 시트에서 동일 상품군 필터 | K19: 테마 진열 | N19: 상품명·규격은 원장 보존. 판매 단위·포장 치수·집기 실측 확인 후 배치 확정. | O19: PDF p5~6 (2026-08-11) + 원본 2526품목; 판매·마진 데이터 없음 | P19: =COUNTIFS('05_상품별배치367'!$B$7:$B$373,A19,'05_상품별배치367'!$K$7:$K$373,">0") -> 1 | Q19: =SUMIFS('05_상품별배치367'!$K$7:$K$373,'05_상품별배치367'!$B$7:$B$373,A19) -> 1 | R19: =IF(Z19="",'06_집기치수20'!N9,Z19) -> 865 | S19: =IF(AA19="",'06_집기치수20'!O9,AA19) -> 330 | T19: 290 | U19: =IF(AB19="",'06_집기치수20'!P9,AB19-'06_집기치수20'!I9) -> 270 | V19: =IF(Q19=0,"",IF(COUNTIFS('05_상품별배치367'!$B$7:$B$373,A19,'05_상품별배치367'!$T$7:$T$373,"입력 대기")>0,"",SUMIFS('05_상품별배치367'!$S$7:$S$373,'05_상품별배치367'!$B$7:$B$373,A19))) | W19: =IF(Q19=0,"미진열",IF(COUNTIFS('05_상품별배치367'!$B$7:$B$373,A19,'05_상품별배치367'!$T$7:$T$373,"치수 초과")>0,"치수 초과",IF(COUNTIFS('05_상품별배치367'!$B$7:$B$373,A19,'05_상품별배치367'!$T$7:$T$373,"입력 대기")>0,"치수 입력 대기",IF(V19>R19,"폭 합계 초과","도면/실측 범위 내·현장확인")))) -> 치수 입력 대기 | X19: pd0002415 1F | Y19: 선반
A20: W3/S4 | B20: W3 | C20: 상단 벽면 | D20: 4 | E20: 추천·상담 안내 | F20: 립 보습 연결 | G20: 립 보습 화장품 | H20: 리쥬올 PDRN 립세럼 | I20: pd0002336 | J20: 대체 후보는 전체 상품 시트에서 동일 상품군 필터 | K20: 테마 진열 | N20: 상품명·규격은 원장 보존. 판매 단위·포장 치수·집기 실측 확인 후 배치 확정. | O20: PDF p5~6 (2026-08-11) + 원본 2526품목; 판매·마진 데이터 없음 | P20: =COUNTIFS('05_상품별배치367'!$B$7:$B$373,A20,'05_상품별배치367'!$K$7:$K$373,">0") -> 1 | Q20: =SUMIFS('05_상품별배치367'!$K$7:$K$373,'05_상품별배치367'!$B$7:$B$373,A20) -> 1 | R20: =IF(Z20="",'06_집기치수20'!N10,Z20) -> 865 | S20: =IF(AA20="",'06_집기치수20'!O10,AA20) -> 330 | T20: 290 | U20: =IF(AB20="",'06_집기치수20'!P10,AB20-'06_집기치수20'!I10) -> 270 | V20: =IF(Q20=0,"",IF(COUNTIFS('05_상품별배치367'!$B$7:$B$373,A20,'05_상품별배치367'!$T$7:$T$373,"입력 대기")>0,"",SUMIFS('05_상품별배치367'!$S$7:$S$373,'05_상품별배치367'!$B$7:$B$373,A20))) | W20: =IF(Q20=0,"미진열",IF(COUNTIFS('05_상품별배치367'!$B$7:$B$373,A20,'05_상품별배치367'!$T$7:$T$373,"치수 초과")>0,"치수 초과",IF(COUNTIFS('05_상품별배치367'!$B$7:$B$373,A20,'05_상품별배치367'!$T$7:$T$373,"입력 대기")>0,"치수 입력 대기",IF(V20>R20,"폭 합계 초과","도면/실측 범위 내·현장확인")))) -> 치수 입력 대기 | X20: pd0002336 1F | Y20: 선반
A21: W3/S5 | B21: W3 | C21: 상단 벽면 | D21: 5 | E21: 추천·상담 안내 | F21: 다음 테마 교체 여유 | G21: 안내·교체 여유 | J21: 대체 후보는 전체 상품 시트에서 동일 상품군 필터 | K21: 확장 여유 | N21: 상품명·규격은 원장 보존. 판매 단위·포장 치수·집기 실측 확인 후 배치 확정. | O21: PDF p5~6 (2026-08-11) + 원본 2526품목; 판매·마진 데이터 없음 | P21: =COUNTIFS('05_상품별배치367'!$B$7:$B$373,A21,'05_상품별배치367'!$K$7:$K$373,">0") -> 0 | Q21: =SUMIFS('05_상품별배치367'!$K$7:$K$373,'05_상품별배치367'!$B$7:$B$373,A21) -> 0 | R21: =IF(Z21="",'06_집기치수20'!N11,Z21) -> 865 | S21: =IF(AA21="",'06_집기치수20'!O11,AA21) -> 330 | T21: 330 | U21: =IF(AB21="",'06_집기치수20'!P11,AB21-'06_집기치수20'!I11) -> 310 | V21: =IF(Q21=0,"",IF(COUNTIFS('05_상품별배치367'!$B$7:$B$373,A21,'05_상품별배치367'!$T$7:$T$373,"입력 대기")>0,"",SUMIFS('05_상품별배치367'!$S$7:$S$373,'05_상품별배치367'!$B$7:$B$373,A21))) | W21: =IF(Q21=0,"미진열",IF(COUNTIFS('05_상품별배치367'!$B$7:$B$373,A21,'05_상품별배치367'!$T$7:$T$373,"치수 초과")>0,"치수 초과",IF(COUNTIFS('05_상품별배치367'!$B$7:$B$373,A21,'05_상품별배치367'!$T$7:$T$373,"입력 대기")>0,"치수 입력 대기",IF(V21>R21,"폭 합계 초과","도면/실측 범위 내·현장확인")))) -> 미진열 | Y21: 선반
A22: W4/S1 | B22: W4 | C22: 상단 벽면 | D22: 1 | E22: 영양·건강 선물 | F22: 경구 영양 상담 안내 | G22: 비타민B 경구제품 | J22: 대체 후보는 전체 상품 시트에서 동일 상품군 필터 | K22: 안내 | N22: 높은 위치로 판매재고 대신 브랜드·제품 분류 안내. 무거운 선물 박스를 올리지 않음. | O22: PDF p5~6 (2026-08-11) + 원본 2526품목; 판매·마진 데이터 없음 | P22: =COUNTIFS('05_상품별배치367'!$B$7:$B$373,A22,'05_상품별배치367'!$K$7:$K$373,">0") -> 0 | Q22: =SUMIFS('05_상품별배치367'!$K$7:$K$373,'05_상품별배치367'!$B$7:$B$373,A22) -> 0 | R22: =IF(Z22="",'06_집기치수20'!N7,Z22) -> 865 | S22: =IF(AA22="",'06_집기치수20'!O7,AA22) -> 330 | T22: 460 | U22: =IF(AB22="",'06_집기치수20'!P7,AB22-'06_집기치수20'!I7) -> 440 | V22: =IF(Q22=0,"",IF(COUNTIFS('05_상품별배치367'!$B$7:$B$373,A22,'05_상품별배치367'!$T$7:$T$373,"입력 대기")>0,"",SUMIFS('05_상품별배치367'!$S$7:$S$373,'05_상품별배치367'!$B$7:$B$373,A22))) | W22: =IF(Q22=0,"미진열",IF(COUNTIFS('05_상품별배치367'!$B$7:$B$373,A22,'05_상품별배치367'!$T$7:$T$373,"치수 초과")>0,"치수 초과",IF(COUNTIFS('05_상품별배치367'!$B$7:$B$373,A22,'05_상품별배치367'!$T$7:$T$373,"입력 대기")>0,"치수 입력 대기",IF(V22>R22,"폭 합계 초과","도면/실측 범위 내·현장확인")))) -> 미진열 | Y22: 선반
A23: W4/S2 | B23: W4 | C23: 상단 벽면 | D23: 2 | E23: 영양·건강 선물 | F23: 비타민B 의약품 | G23: 비타민B 경구제품 | H23: 비맥스메타비 임팩타민 시그니처정 비맥스메타정 | I23: pd0001998 pd0002406 pd0002002 | J23: 대체 후보는 전체 상품 시트에서 동일 상품군 필터 | K23: 오픈 진열 | N23: 상품명·규격은 원장 보존. 판매 단위·포장 치수·집기 실측 확인 후 배치 확정. | O23: PDF p5~6 (2026-08-11) + 원본 2526품목; 판매·마진 데이터 없음 | P23: =COUNTIFS('05_상품별배치367'!$B$7:$B$373,A23,'05_상품별배치367'!$K$7:$K$373,">0") -> 3 | Q23: =SUMIFS('05_상품별배치367'!$K$7:$K$373,'05_상품별배치367'!$B$7:$B$373,A23) -> 3 | R23: =IF(Z23="",'06_집기치수20'!N8,Z23) -> 865 | S23: =IF(AA23="",'06_집기치수20'!O8,AA23) -> 330 | T23: 290 | U23: =IF(AB23="",'06_집기치수20'!P8,AB23-'06_집기치수20'!I8) -> 270 | V23: =IF(Q23=0,"",IF(COUNTIFS('05_상품별배치367'!$B$7:$B$373,A23,'05_상품별배치367'!$T$7:$T$373,"입력 대기")>0,"",SUMIFS('05_상품별배치367'!$S$7:$S$373,'05_상품별배치367'!$B$7:$B$373,A23))) | W23: =IF(Q23=0,"미진열",IF(COUNTIFS('05_상품별배치367'!$B$7:$B$373,A23,'05_상품별배치367'!$T$7:$T$373,"치수 초과")>0,"치수 초과",IF(COUNTIFS('05_상품별배치367'!$B$7:$B$373,A23,'05_상품별배치367'!$T$7:$T$373,"입력 대기")>0,"치수 입력 대기",IF(V23>R23,"폭 합계 초과","도면/실측 범위 내·현장확인")))) -> 치수 입력 대기 | X23: pd0001998 1F pd0002406 1F pd0002002 1F | Y23: 선반
A24: W4/S3 | B24: W4 | C24: 상단 벽면 | D24: 3 | E24: 영양·건강 선물 | F24: 마그네슘 경구제품 | G24: 마그네슘 경구제품 | H24: 마그비스피드더블액션 마그콤 | I24: pd0002410 pd0000052 | J24: 대체 후보는 전체 상품 시트에서 동일 상품군 필터 | K24: 오픈 진열 | N24: 상품명·규격은 원장 보존. 판매 단위·포장 치수·집기 실측 확인 후 배치 확정. | O24: PDF p5~6 (2026-08-11) + 원본 2526품목; 판매·마진 데이터 없음 | P24: =COUNTIFS('05_상품별배치367'!$B$7:$B$373,A24,'05_상품별배치367'!$K$7:$K$373,">0") -> 2 | Q24: =SUMIFS('05_상품별배치367'!$K$7:$K$373,'05_상품별배치367'!$B$7:$B$373,A24) -> 2 | R24: =IF(Z24="",'06_집기치수20'!N9,Z24) -> 865 | S24: =IF(AA24="",'06_집기치수20'!O9,AA24) -> 330 | T24: 290 | U24: =IF(AB24="",'06_집기치수20'!P9,AB24-'06_집기치수20'!I9) -> 270 | V24: =IF(Q24=0,"",IF(COUNTIFS('05_상품별배치367'!$B$7:$B$373,A24,'05_상품별배치367'!$T$7:$T$373,"입력 대기")>0,"",SUMIFS('05_상품별배치367'!$S$7:$S$373,'05_상품별배치367'!$B$7:$B$373,A24))) | W24: =IF(Q24=0,"미진열",IF(COUNTIFS('05_상품별배치367'!$B$7:$B$373,A24,'05_상품별배치367'!$T$7:$T$373,"치수 초과")>0,"치수 초과",IF(COUNTIFS('05_상품별배치367'!$B$7:$B$373,A24,'05_상품별배치367'!$T$7:$T$373,"입력 대기")>0,"치수 입력 대기",IF(V24>R24,"폭 합계 초과","도면/실측 범위 내·현장확인")))) -> 치수 입력 대기 | X24: pd0002410 1F pd0000052 1F | Y24: 선반
A25: W4/S4 | B25: W4 | C25: 상단 벽면 | D25: 4 | E25: 영양·건강 선물 | F25: 글루타치온 의약품 | G25: 글루타치온 경구 의약품 | H25: 에바치온캡슐 | I25: pd0001907 | J25: 대체 후보는 전체 상품 시트에서 동일 상품군 필터 | K25: 오픈 진열 | N25: 상품명·규격은 원장 보존. 판매 단위·포장 치수·집기 실측 확인 후 배치 확정. | O25: PDF p5~6 (2026-08-11) + 원본 2526품목; 판매·마진 데이터 없음 | P25: =COUNTIFS('05_상품별배치367'!$B$7:$B$373,A25,'05_상품별배치367'!$K$7:$K$373,">0") -> 1 | Q25: =SUMIFS('05_상품별배치367'!$K$7:$K$373,'05_상품별배치367'!$B$7:$B$373,A25) -> 1 | R25: =IF(Z25="",'06_집기치수20'!N10,Z25) -> 865 | S25: =IF(AA25="",'06_집기치수20'!O10,AA25) -> 330 | T25: 290 | U25: =IF(AB25="",'06_집기치수20'!P10,AB25-'06_집기치수20'!I10) -> 270 | V25: =IF(Q25=0,"",IF(COUNTIFS('05_상품별배치367'!$B$7:$B$373,A25,'05_상품별배치367'!$T$7:$T$373,"입력 대기")>0,"",SUMIFS('05_상품별배치367'!$S$7:$S$373,'05_상품별배치367'!$B$7:$B$373,A25))) | W25: =IF(Q25=0,"미진열",IF(COUNTIFS('05_상품별배치367'!$B$7:$B$373,A25,'05_상품별배치367'!$T$7:$T$373,"치수 초과")>0,"치수 초과",IF(COUNTIFS('05_상품별배치367'!$B$7:$B$373,A25,'05_상품별배치367'!$T$7:$T$373,"입력 대기")>0,"치수 입력 대기",IF(V25>R25,"폭 합계 초과","도면/실측 범위 내·현장확인")))) -> 치수 입력 대기 | X25: pd0001907 1F | Y25: 선반
A26: W4/S5 | B26: W4 | C26: 상단 벽면 | D26: 5 | E26: 영양·건강 선물 | F26: 피로·간·한방 상담약 | G26: 자양강장·한방 상담약 / 간 관련 상담약 | H26: 글루콤액 한풍 경옥고 우루사정100mg 헤파토스시럽 | I26: pd0000013 pd0002052 pd0002489 pd0002488 | J26: 대체 후보는 전체 상품 시트에서 동일 상품군 필터 | K26: 오픈 진열 | N26: 상품명·규격은 원장 보존. 판매 단위·포장 치수·집기 실측 확인 후 배치 확정. | O26: PDF p5~6 (2026-08-11) + 원본 2526품목; 판매·마진 데이터 없음 | P26: =COUNTIFS('05_상품별배치367'!$B$7:$B$373,A26,'05_상품별배치367'!$K$7:$K$373,">0") -> 4 | Q26: =SUMIFS('05_상품별배치367'!$K$7:$K$373,'05_상품별배치367'!$B$7:$B$373,A26) -> 4 | R26: =IF(Z26="",'06_집기치수20'!N11,Z26) -> 865 | S26: =IF(AA26="",'06_집기치수20'!O11,AA26) -> 330 | T26: 330 | U26: =IF(AB26="",'06_집기치수20'!P11,AB26-'06_집기치수20'!I11) -> 310 | V26: =IF(Q26=0,"",IF(COUNTIFS('05_상품별배치367'!$B$7:$B$373,A26,'05_상품별배치367'!$T$7:$T$373,"입력 대기")>0,"",SUMIFS('05_상품별배치367'!$S$7:$S$373,'05_상품별배치367'!$B$7:$B$373,A26))) | W26: =IF(Q26=0,"미진열",IF(COUNTIFS('05_상품별배치367'!$B$7:$B$373,A26,'05_상품별배치367'!$T$7:$T$373,"치수 초과")>0,"치수 초과",IF(COUNTIFS('05_상품별배치367'!$B$7:$B$373,A26,'05_상품별배치367'!$T$7:$T$373,"입력 대기")>0,"치수 입력 대기",IF(V26>R26,"폭 합계 초과","도면/실측 범위 내·현장확인")))) -> 치수 입력 대기 | X26: pd0000013 1F pd0002052 1F pd0002489 1F pd0002488 1F | Y26: 선반
A27: W5/S1 | B27: W5 | C27: 상단 벽면 | D27: 1 | E27: 영양·건강 선물 | F27: 정규 선물 구성 안내 | G27: 홍삼 제품 | J27: 대체 후보는 전체 상품 시트에서 동일 상품군 필터 | K27: 안내 | N27: 높은 위치로 판매재고 대신 브랜드·제품 분류 안내. 무거운 선물 박스를 올리지 않음. | O27: PDF p5~6 (2026-08-11) + 원본 2526품목; 판매·마진 데이터 없음 | P27: =COUNTIFS('05_상품별배치367'!$B$7:$B$373,A27,'05_상품별배치367'!$K$7:$K$373,">0") -> 0 | Q27: =SUMIFS('05_상품별배치367'!$K$7:$K$373,'05_상품별배치367'!$B$7:$B$373,A27) -> 0 | R27: =IF(Z27="",'06_집기치수20'!N7,Z27) -> 865 | S27: =IF(AA27="",'06_집기치수20'!O7,AA27) -> 330 | T27: 460 | U27: =IF(AB27="",'06_집기치수20'!P7,AB27-'06_집기치수20'!I7) -> 440 | V27: =IF(Q27=0,"",IF(COUNTIFS('05_상품별배치367'!$B$7:$B$373,A27,'05_상품별배치367'!$T$7:$T$373,"입력 대기")>0,"",SUMIFS('05_상품별배치367'!$S$7:$S$373,'05_상품별배치367'!$B$7:$B$373,A27))) | W27: =IF(Q27=0,"미진열",IF(COUNTIFS('05_상품별배치367'!$B$7:$B$373,A27,'05_상품별배치367'!$T$7:$T$373,"치수 초과")>0,"치수 초과",IF(COUNTIFS('05_상품별배치367'!$B$7:$B$373,A27,'05_상품별배치367'!$T$7:$T$373,"입력 대기")>0,"치수 입력 대기",IF(V27>R27,"폭 합계 초과","도면/실측 범위 내·현장확인")))) -> 미진열 | Y27: 선반
A28: W5/S2 | B28: W5 | C28: 상단 벽면 | D28: 2 | E28: 영양·건강 선물 | F28: 멀티비타민 정규 세트 | G28: 멀티비타민·미네랄 | H28: 한미 엔플 프리미엄 멀티비타민 이뮨삿 7병 비타블로썸 멀티비타민 이뮨 부스터 | I28: pd0002216 pd0002398 | J28: 대체 후보는 전체 상품 시트에서 동일 상품군 필터 | K28: 오픈 진열 | N28: 상품명·규격은 원장 보존. 판매 단위·포장 치수·집기 실측 확인 후 배치 확정. | O28: PDF p5~6 (2026-08-11) + 원본 2526품목; 판매·마진 데이터 없음 | P28: =COUNTIFS('05_상품별배치367'!$B$7:$B$373,A28,'05_상품별배치367'!$K$7:$K$373,">0") -> 2 | Q28: =SUMIFS('05_상품별배치367'!$K$7:$K$373,'05_상품별배치367'!$B$7:$B$373,A28) -> 2 | R28: =IF(Z28="",'06_집기치수20'!N8,Z28) -> 865 | S28: =IF(AA28="",'06_집기치수20'!O8,AA28) -> 330 | T28: 290 | U28: =IF(AB28="",'06_집기치수20'!P8,AB28-'06_집기치수20'!I8) -> 270 | V28: =IF(Q28=0,"",IF(COUNTIFS('05_상품별배치367'!$B$7:$B$373,A28,'05_상품별배치367'!$T$7:$T$373,"입력 대기")>0,"",SUMIFS('05_상품별배치367'!$S$7:$S$373,'05_상품별배치367'!$B$7:$B$373,A28))) | W28: =IF(Q28=0,"미진열",IF(COUNTIFS('05_상품별배치367'!$B$7:$B$373,A28,'05_상품별배치367'!$T$7:$T$373,"치수 초과")>0,"치수 초과",IF(COUNTIFS('05_상품별배치367'!$B$7:$B$373,A28,'05_상품별배치367'!$T$7:$T$373,"입력 대기")>0,"치수 입력 대기",IF(V28>R28,"폭 합계 초과","도면/실측 범위 내·현장확인")))) -> 치수 입력 대기 | X28: pd0002216 1F pd0002398 1F | Y28: 선반
A29: W5/S3 | B29: W5 | C29: 상단 벽면 | D29: 3 | E29: 영양·건강 선물 | F29: 홍삼 30포 비교 | G29: 홍삼 제품 | H29: 정원삼 6년근 고려홍삼정365스틱 정원삼 6년근 발효홍삼 농축액스틱 | I29: pd0002059 pd0002055 | J29: 대체 후보는 전체 상품 시트에서 동일 상품군 필터 | K29: 오픈 진열 | N29: 상품명·규격은 원장 보존. 판매 단위·포장 치수·집기 실측 확인 후 배치 확정. | O29: PDF p5~6 (2026-08-11) + 원본 2526품목; 판매·마진 데이터 없음 | P29: =COUNTIFS('05_상품별배치367'!$B$7:$B$373,A29,'05_상품별배치367'!$K$7:$K$373,">0") -> 2 | Q29: =SUMIFS('05_상품별배치367'!$K$7:$K$373,'05_상품별배치367'!$B$7:$B$373,A29) -> 2 | R29: =IF(Z29="",'06_집기치수20'!N9,Z29) -> 865 | S29: =IF(AA29="",'06_집기치수20'!O9,AA29) -> 330 | T29: 290 | U29: =IF(AB29="",'06_집기치수20'!P9,AB29-'06_집기치수20'!I9) -> 270 | V29: =IF(Q29=0,"",IF(COUNTIFS('05_상품별배치367'!$B$7:$B$373,A29,'05_상품별배치367'!$T$7:$T$373,"입력 대기")>0,"",SUMIFS('05_상품별배치367'!$S$7:$S$373,'05_상품별배치367'!$B$7:$B$373,A29))) | W29: =IF(Q29=0,"미진열",IF(COUNTIFS('05_상품별배치367'!$B$7:$B$373,A29,'05_상품별배치367'!$T$7:$T$373,"치수 초과")>0,"치수 초과",IF(COUNTIFS('05_상품별배치367'!$B$7:$B$373,A29,'05_상품별배치367'!$T$7:$T$373,"입력 대기")>0,"치수 입력 대기",IF(V29>R29,"폭 합계 초과","도면/실측 범위 내·현장확인")))) -> 치수 입력 대기 | X29: pd0002059 1F pd0002055 1F | Y29: 선반
A30: W5/S4 | B30: W5 | C30: 상단 벽면 | D30: 4 | E30: 영양·건강 선물 | F30: 콜라겐·홍삼 젤리 | G30: 콜라겐·이너뷰티 / 홍삼 제품 | H30: 에버콜라겐 블랙 정원삼 6년근 고려홍삼정 로얄젤리스틱 | I30: pd0000061 pd0002053 | J30: 대체 후보는 전체 상품 시트에서 동일 상품군 필터 | K30: 오픈 진열 | N30: 상품명·규격은 원장 보존. 판매 단위·포장 치수·집기 실측 확인 후 배치 확정. | O30: PDF p5~6 (2026-08-11) + 원본 2526품목; 판매·마진 데이터 없음 | P30: =COUNTIFS('05_상품별배치367'!$B$7:$B$373,A30,'05_상품별배치367'!$K$7:$K$373,">0") -> 2 | Q30: =SUMIFS('05_상품별배치367'!$K$7:$K$373,'05_상품별배치367'!$B$7:$B$373,A30) -> 2 | R30: =IF(Z30="",'06_집기치수20'!N10,Z30) -> 865 | S30: =IF(AA30="",'06_집기치수20'!O10,AA30) -> 330 | T30: 290 | U30: =IF(AB30="",'06_집기치수20'!P10,AB30-'06_집기치수20'!I10) -> 270 | V30: =IF(Q30=0,"",IF(COUNTIFS('05_상품별배치367'!$B$7:$B$373,A30,'05_상품별배치367'!$T$7:$T$373,"입력 대기")>0,"",SUMIFS('05_상품별배치367'!$S$7:$S$373,'05_상품별배치367'!$B$7:$B$373,A30))) | W30: =IF(Q30=0,"미진열",IF(COUNTIFS('05_상품별배치367'!$B$7:$B$373,A30,'05_상품별배치367'!$T$7:$T$373,"치수 초과")>0,"치수 초과",IF(COUNTIFS('05_상품별배치367'!$B$7:$B$373,A30,'05_상품별배치367'!$T$7:$T$373,"입력 대기")>0,"치수 입력 대기",IF(V30>R30,"폭 합계 초과","도면/실측 범위 내·현장확인")))) -> 치수 입력 대기 | X30: pd0000061 1F pd0002053 1F | Y30: 선반
A31: W5/S5 | B31: W5 | C31: 상단 벽면 | D31: 5 | E31: 영양·건강 선물 | F31: 다매 홍삼·절편 | G31: 홍삼 제품 | H31: 정원삼 6년근 고려홍삼정365스틱 정원삼 고려홍삼절편 365 | I31: pd0002057 pd0002085 | J31: 대체 후보는 전체 상품 시트에서 동일 상품군 필터 | K31: 오픈 진열 | N31: 상품명·규격은 원장 보존. 판매 단위·포장 치수·집기 실측 확인 후 배치 확정. | O31: PDF p5~6 (2026-08-11) + 원본 2526품목; 판매·마진 데이터 없음 | P31: =COUNTIFS('05_상품별배치367'!$B$7:$B$373,A31,'05_상품별배치367'!$K$7:$K$373,">0") -> 2 | Q31: =SUMIFS('05_상품별배치367'!$K$7:$K$373,'05_상품별배치367'!$B$7:$B$373,A31) -> 2 | R31: =IF(Z31="",'06_집기치수20'!N11,Z31) -> 865 | S31: =IF(AA31="",'06_집기치수20'!O11,AA31) -> 330 | T31: 330 | U31: =IF(AB31="",'06_집기치수20'!P11,AB31-'06_집기치수20'!I11) -> 310 | V31: =IF(Q31=0,"",IF(COUNTIFS('05_상품별배치367'!$B$7:$B$373,A31,'05_상품별배치367'!$T$7:$T$373,"입력 대기")>0,"",SUMIFS('05_상품별배치367'!$S$7:$S$373,'05_상품별배치367'!$B$7:$B$373,A31))) | W31: =IF(Q31=0,"미진열",IF(COUNTIFS('05_상품별배치367'!$B$7:$B$373,A31,'05_상품별배치367'!$T$7:$T$373,"치수 초과")>0,"치수 초과",IF(COUNTIFS('05_상품별배치367'!$B$7:$B$373,A31,'05_상품별배치367'!$T$7:$T$373,"입력 대기")>0,"치수 입력 대기",IF(V31>R31,"폭 합계 초과","도면/실측 범위 내·현장확인")))) -> 치수 입력 대기 | X31: pd0002057 1F pd0002085 1F | Y31: 선반
A32: L1/S1 | B32: L1 | C32: 좌측 벽면 | D32: 1 | E32: 일반약·여행·생활 | F32: 알레르기 정제·낮은 포장 | G32: 비염·알레르기 상담약 | H32: 지르텍정 알러샷연질캡슐 | I32: pd0001957 pd0002434 | J32: 대체 후보는 전체 상품 시트에서 동일 상품군 필터 | K32: 오픈 진열 | N32: 최상단 개구100mm, 계획 상품높이80mm 이하. 낮은 포장 또는 허용된 눕힘 진열만. 초과 시 S2 이하로 재배치. | O32: PDF p7 (2026-08-07) + 원본 2526품목; 판매·마진 데이터 없음 | P32: =COUNTIFS('05_상품별배치367'!$B$7:$B$373,A32,'05_상품별배치367'!$K$7:$K$373,">0") -> 2 | Q32: =SUMIFS('05_상품별배치367'!$K$7:$K$373,'05_상품별배치367'!$B$7:$B$373,A32) -> 2 | R32: =IF(Z32="",'06_집기치수20'!N12,Z32) -> 865 | S32: =IF(AA32="",'06_집기치수20'!O12,AA32) -> 270 | T32: 100 | U32: =IF(AB32="",'06_집기치수20'!P12,AB32-'06_집기치수20'!I12) -> 80 | V32: =IF(Q32=0,"",IF(COUNTIFS('05_상품별배치367'!$B$7:$B$373,A32,'05_상품별배치367'!$T$7:$T$373,"입력 대기")>0,"",SUMIFS('05_상품별배치367'!$S$7:$S$373,'05_상품별배치367'!$B$7:$B$373,A32))) | W32: =IF(Q32=0,"미진열",IF(COUNTIFS('05_상품별배치367'!$B$7:$B$373,A32,'05_상품별배치367'!$T$7:$T$373,"치수 초과")>0,"치수 초과",IF(COUNTIFS('05_상품별배치367'!$B$7:$B$373,A32,'05_상품별배치367'!$T$7:$T$373,"입력 대기")>0,"치수 입력 대기",IF(V32>R32,"폭 합계 초과","도면/실측 범위 내·현장확인")))) -> 치수 입력 대기 | X32: pd0001957 1F pd0002434 1F | Y32: 선반
A33: L1/S2 | B33: L1 | C33: 좌측 벽면 | D33: 2 | E33: 일반약·여행·생활 | F33: 감기 주간·야간 구분 | G33: 종합감기 상담약 | H33: 헤일리온_테라플루 데이타임 (포) 6P 콜대원 콜드큐시럽 헤일리온_테라플루 나이트타임 모드콜에스연질캡슐 | I33: pd0001958 pd0002435 pd0001966 pd0002536 | J33: 대체 후보는 전체 상품 시트에서 동일 상품군 필터 | K33: 오픈 진열 | N33: 상품명·규격은 원장 보존. 판매 단위·포장 치수·집기 실측 확인 후 배치 확정. | O33: PDF p7 (2026-08-07) + 원본 2526품목; 판매·마진 데이터 없음 | P33: =COUNTIFS('05_상품별배치367'!$B$7:$B$373,A33,'05_상품별배치367'!$K$7:$K$373,">0") -> 4 | Q33: =SUMIFS('05_상품별배치367'!$K$7:$K$373,'05_상품별배치367'!$B$7:$B$373,A33) -> 4 | R33: =IF(Z33="",'06_집기치수20'!N13,Z33) -> 865 | S33: =IF(AA33="",'06_집기치수20'!O13,AA33) -> 270 | T33: 220 | U33: =IF(AB33="",'06_집기치수20'!P13,AB33-'06_집기치수20'!I13) -> 200 | V33: =IF(Q33=0,"",IF(COUNTIFS('05_상품별배치367'!$B$7:$B$373,A33,'05_상품별배치367'!$T$7:$T$373,"입력 대기")>0,"",SUMIFS('05_상품별배치367'!$S$7:$S$373,'05_상품별배치367'!$B$7:$B$373,A33))) | W33: =IF(Q33=0,"미진열",IF(COUNTIFS('05_상품별배치367'!$B$7:$B$373,A33,'05_상품별배치367'!$T$7:$T$373,"치수 초과")>0,"치수 초과",IF(COUNTIFS('05_상품별배치367'!$B$7:$B$373,A33,'05_상품별배치367'!$T$7:$T$373,"입력 대기")>0,"치수 입력 대기",IF(V33>R33,"폭 합계 초과","도면/실측 범위 내·현장확인")))) -> 치수 입력 대기 | X33: pd0001958 1F pd0002435 1F pd0001966 1F pd0002536 1F | Y33: 선반
A34: L1/S3 | B34: L1 | C34: 좌측 벽면 | D34: 3 | E34: 일반약·여행·생활 | F34: 기침·인후 제형 | G34: 기침·인후 상담약 | H34: 용각산쿨과립(복숭아) 목앤스프레이 콜대원코프큐시럽 | I34: pd0002070 pd0002430 pd0002432 | J34: 대체 후보는 전체 상품 시트에서 동일 상품군 필터 | K34: 오픈 진열 | N34: 상품명·규격은 원장 보존. 판매 단위·포장 치수·집기 실측 확인 후 배치 확정. | O34: PDF p7 (2026-08-07) + 원본 2526품목; 판매·마진 데이터 없음 | P34: =COUNTIFS('05_상품별배치367'!$B$7:$B$373,A34,'05_상품별배치367'!$K$7:$K$373,">0") -> 3 | Q34: =SUMIFS('05_상품별배치367'!$K$7:$K$373,'05_상품별배치367'!$B$7:$B$373,A34) -> 3 | R34: =IF(Z34="",'06_집기치수20'!N14,Z34) -> 865 | S34: =IF(AA34="",'06_집기치수20'!O14,AA34) -> 270 | T34: 220 | U34: =IF(AB34="",'06_집기치수20'!P14,AB34-'06_집기치수20'!I14) -> 200 | V34: =IF(Q34=0,"",IF(COUNTIFS('05_상품별배치367'!$B$7:$B$373,A34,'05_상품별배치367'!$T$7:$T$373,"입력 대기")>0,"",SUMIFS('05_상품별배치367'!$S$7:$S$373,'05_상품별배치367'!$B$7:$B$373,A34))) | W34: =IF(Q34=0,"미진열",IF(COUNTIFS('05_상품별배치367'!$B$7:$B$373,A34,'05_상품별배치367'!$T$7:$T$373,"치수 초과")>0,"치수 초과",IF(COUNTIFS('05_상품별배치367'!$B$7:$B$373,A34,'05_상품별배치367'!$T$7:$T$373,"입력 대기")>0,"치수 입력 대기",IF(V34>R34,"폭 합계 초과","도면/실측 범위 내·현장확인")))) -> 치수 입력 대기 | X34: pd0002070 1F pd0002430 1F pd0002432 1F | Y34: 선반
A35: L1/S4 | B35: L1 | C35: 좌측 벽면 | D35: 4 | E35: 일반약·여행·생활 | F35: 코 증상 스프레이 | G35: 비염·알레르기 상담약 | H35: 코앤나잘스프레이 코앤쿨나잘스프레이 | I35: pd0002420 pd0002423 | J35: 대체 후보는 전체 상품 시트에서 동일 상품군 필터 | K35: 오픈 진열 | N35: 상품명·규격은 원장 보존. 판매 단위·포장 치수·집기 실측 확인 후 배치 확정. | O35: PDF p7 (2026-08-07) + 원본 2526품목; 판매·마진 데이터 없음 | P35: =COUNTIFS('05_상품별배치367'!$B$7:$B$373,A35,'05_상품별배치367'!$K$7:$K$373,">0") -> 2 | Q35: =SUMIFS('05_상품별배치367'!$K$7:$K$373,'05_상품별배치367'!$B$7:$B$373,A35) -> 2 | R35: =IF(Z35="",'06_집기치수20'!N15,Z35) -> 865 | S35: =IF(AA35="",'06_집기치수20'!O15,AA35) -> 270 | T35: 220 | U35: =IF(AB35="",'06_집기치수20'!P15,AB35-'06_집기치수20'!I15) -> 200 | V35: =IF(Q35=0,"",IF(COUNTIFS('05_상품별배치367'!$B$7:$B$373,A35,'05_상품별배치367'!$T$7:$T$373,"입력 대기")>0,"",SUMIFS('05_상품별배치367'!$S$7:$S$373,'05_상품별배치367'!$B$7:$B$373,A35))) | W35: =IF(Q35=0,"미진열",IF(COUNTIFS('05_상품별배치367'!$B$7:$B$373,A35,'05_상품별배치367'!$T$7:$T$373,"치수 초과")>0,"치수 초과",IF(COUNTIFS('05_상품별배치367'!$B$7:$B$373,A35,'05_상품별배치367'!$T$7:$T$373,"입력 대기")>0,"치수 입력 대기",IF(V35>R35,"폭 합계 초과","도면/실측 범위 내·현장확인")))) -> 치수 입력 대기 | X35: pd0002420 1F pd0002423 1F | Y35: 선반
A36: L1/S5 | B36: L1 | C36: 좌측 벽면 | D36: 5 | E36: 일반약·여행·생활 | F36: 어린이 여행 상담 | G36: 종합감기 상담약 / 기침·인후 상담약 / 비염·알레르기 상담약 | H36: 챔프콜드펜시럽 챔프코프액(포도향) 챔프노즈시럽(복숭아향) | I36: pd0002042 pd0002043 pd0002047 | J36: 대체 후보는 전체 상품 시트에서 동일 상품군 필터 | K36: 오픈 진열 | N36: 상품명·규격은 원장 보존. 판매 단위·포장 치수·집기 실측 확인 후 배치 확정. | O36: PDF p7 (2026-08-07) + 원본 2526품목; 판매·마진 데이터 없음 | P36: =COUNTIFS('05_상품별배치367'!$B$7:$B$373,A36,'05_상품별배치367'!$K$7:$K$373,">0") -> 3 | Q36: =SUMIFS('05_상품별배치367'!$K$7:$K$373,'05_상품별배치367'!$B$7:$B$373,A36) -> 3 | R36: =IF(Z36="",'06_집기치수20'!N16,Z36) -> 865 | S36: =IF(AA36="",'06_집기치수20'!O16,AA36) -> 270 | T36: 220 | U36: =IF(AB36="",'06_집기치수20'!P16,AB36-'06_집기치수20'!I16) -> 200 | V36: =IF(Q36=0,"",IF(COUNTIFS('05_상품별배치367'!$B$7:$B$373,A36,'05_상품별배치367'!$T$7:$T$373,"입력 대기")>0,"",SUMIFS('05_상품별배치367'!$S$7:$S$373,'05_상품별배치367'!$B$7:$B$373,A36))) | W36: =IF(Q36=0,"미진열",IF(COUNTIFS('05_상품별배치367'!$B$7:$B$373,A36,'05_상품별배치367'!$T$7:$T$373,"치수 초과")>0,"치수 초과",IF(COUNTIFS('05_상품별배치367'!$B$7:$B$373,A36,'05_상품별배치367'!$T$7:$T$373,"입력 대기")>0,"치수 입력 대기",IF(V36>R36,"폭 합계 초과","도면/실측 범위 내·현장확인")))) -> 치수 입력 대기 | X36: pd0002042 1F pd0002043 1F pd0002047 1F | Y36: 선반
A37: L2/S1 | B37: L2 | C37: 좌측 벽면 | D37: 1 | E37: 일반약·여행·생활 | F37: 소화 정제·낮은 포장 | G37: 소화·위장 상담약 | H37: 훼스탈슈퍼자임정 다제스캡슐 까스앤프리츄정 | I37: pd0002023 pd0002030 pd0002388 | J37: 대체 후보는 전체 상품 시트에서 동일 상품군 필터 | K37: 오픈 진열 | N37: 최상단 개구100mm, 계획 상품높이80mm 이하. 낮은 포장 또는 허용된 눕힘 진열만. 초과 시 S2 이하로 재배치. | O37: PDF p7 (2026-08-07) + 원본 2526품목; 판매·마진 데이터 없음 | P37: =COUNTIFS('05_상품별배치367'!$B$7:$B$373,A37,'05_상품별배치367'!$K$7:$K$373,">0") -> 3 | Q37: =SUMIFS('05_상품별배치367'!$K$7:$K$373,'05_상품별배치367'!$B$7:$B$373,A37) -> 3 | R37: =IF(Z37="",'06_집기치수20'!N12,Z37) -> 865 | S37: =IF(AA37="",'06_집기치수20'!O12,AA37) -> 270 | T37: 100 | U37: =IF(AB37="",'06_집기치수20'!P12,AB37-'06_집기치수20'!I12) -> 80 | V37: =IF(Q37=0,"",IF(COUNTIFS('05_상품별배치367'!$B$7:$B$373,A37,'05_상품별배치367'!$T$7:$T$373,"입력 대기")>0,"",SUMIFS('05_상품별배치367'!$S$7:$S$373,'05_상품별배치367'!$B$7:$B$373,A37))) | W37: =IF(Q37=0,"미진열",IF(COUNTIFS('05_상품별배치367'!$B$7:$B$373,A37,'05_상품별배치367'!$T$7:$T$373,"치수 초과")>0,"치수 초과",IF(COUNTIFS('05_상품별배치367'!$B$7:$B$373,A37,'05_상품별배치367'!$T$7:$T$373,"입력 대기")>0,"치수 입력 대기",IF(V37>R37,"폭 합계 초과","도면/실측 범위 내·현장확인")))) -> 치수 입력 대기 | X37: pd0002023 1F pd0002030 1F pd0002388 1F | Y37: 선반
A38: L2/S2 | B38: L2 | C38: 좌측 벽면 | D38: 2 | E38: 일반약·여행·생활 | F38: 소화·속 불편 액상 | G38: 소화·위장 상담약 | H38: 겔포스엘 현탁액 베나치오이지 트리겔현탁액 10ml*8p | I38: pd0002019 pd0002020 pd0002400 | J38: 대체 후보는 전체 상품 시트에서 동일 상품군 필터 | K38: 오픈 진열 | N38: 상품명·규격은 원장 보존. 판매 단위·포장 치수·집기 실측 확인 후 배치 확정. | O38: PDF p7 (2026-08-07) + 원본 2526품목; 판매·마진 데이터 없음 | P38: =COUNTIFS('05_상품별배치367'!$B$7:$B$373,A38,'05_상품별배치367'!$K$7:$K$373,">0") -> 3 | Q38: =SUMIFS('05_상품별배치367'!$K$7:$K$373,'05_상품별배치367'!$B$7:$B$373,A38) -> 3 | R38: =IF(Z38="",'06_집기치수20'!N13,Z38) -> 865 | S38: =IF(AA38="",'06_집기치수20'!O13,AA38) -> 270 | T38: 220 | U38: =IF(AB38="",'06_집기치수20'!P13,AB38-'06_집기치수20'!I13) -> 200 | V38: =IF(Q38=0,"",IF(COUNTIFS('05_상품별배치367'!$B$7:$B$373,A38,'05_상품별배치367'!$T$7:$T$373,"입력 대기")>0,"",SUMIFS('05_상품별배치367'!$S$7:$S$373,'05_상품별배치367'!$B$7:$B$373,A38))) | W38: =IF(Q38=0,"미진열",IF(COUNTIFS('05_상품별배치367'!$B$7:$B$373,A38,'05_상품별배치367'!$T$7:$T$373,"치수 초과")>0,"치수 초과",IF(COUNTIFS('05_상품별배치367'!$B$7:$B$373,A38,'05_상품별배치367'!$T$7:$T$373,"입력 대기")>0,"치수 입력 대기",IF(V38>R38,"폭 합계 초과","도면/실측 범위 내·현장확인")))) -> 치수 입력 대기 | X38: pd0002019 1F pd0002020 1F pd0002400 1F | Y38: 선반
A39: L2/S3 | B39: L2 | C39: 좌측 벽면 | D39: 3 | E39: 일반약·여행·생활 | F39: 설사 상담 | G39: 설사 상담약 | H39: 포타겔현탁액 로페시콘츄정 일양정로환에프정 | I39: pd0002393 pd0002391 pd0002539 | J39: 대체 후보는 전체 상품 시트에서 동일 상품군 필터 | K39: 오픈 진열 | N39: 상품명·규격은 원장 보존. 판매 단위·포장 치수·집기 실측 확인 후 배치 확정. | O39: PDF p7 (2026-08-07) + 원본 2526품목; 판매·마진 데이터 없음 | P39: =COUNTIFS('05_상품별배치367'!$B$7:$B$373,A39,'05_상품별배치367'!$K$7:$K$373,">0") -> 3 | Q39: =SUMIFS('05_상품별배치367'!$K$7:$K$373,'05_상품별배치367'!$B$7:$B$373,A39) -> 3 | R39: =IF(Z39="",'06_집기치수20'!N14,Z39) -> 865 | S39: =IF(AA39="",'06_집기치수20'!O14,AA39) -> 270 | T39: 220 | U39: =IF(AB39="",'06_집기치수20'!P14,AB39-'06_집기치수20'!I14) -> 200 | V39: =IF(Q39=0,"",IF(COUNTIFS('05_상품별배치367'!$B$7:$B$373,A39,'05_상품별배치367'!$T$7:$T$373,"입력 대기")>0,"",SUMIFS('05_상품별배치367'!$S$7:$S$373,'05_상품별배치367'!$B$7:$B$373,A39))) | W39: =IF(Q39=0,"미진열",IF(COUNTIFS('05_상품별배치367'!$B$7:$B$373,A39,'05_상품별배치367'!$T$7:$T$373,"치수 초과")>0,"치수 초과",IF(COUNTIFS('05_상품별배치367'!$B$7:$B$373,A39,'05_상품별배치367'!$T$7:$T$373,"입력 대기")>0,"치수 입력 대기",IF(V39>R39,"폭 합계 초과","도면/실측 범위 내·현장확인")))) -> 치수 입력 대기 | X39: pd0002393 1F pd0002391 1F pd0002539 1F | Y39: 선반
A40: L2/S4 | B40: L2 | C40: 좌측 벽면 | D40: 4 | E40: 일반약·여행·생활 | F40: 변비 상담 | G40: 변비 상담약 | H40: 굿모닝에스과립 한풍올가과립 | I40: pd0002035 pd0002031 | J40: 대체 후보는 전체 상품 시트에서 동일 상품군 필터 | K40: 오픈 진열 | N40: 상품명·규격은 원장 보존. 판매 단위·포장 치수·집기 실측 확인 후 배치 확정. | O40: PDF p7 (2026-08-07) + 원본 2526품목; 판매·마진 데이터 없음 | P40: =COUNTIFS('05_상품별배치367'!$B$7:$B$373,A40,'05_상품별배치367'!$K$7:$K$373,">0") -> 2 | Q40: =SUMIFS('05_상품별배치367'!$K$7:$K$373,'05_상품별배치367'!$B$7:$B$373,A40) -> 2 | R40: =IF(Z40="",'06_집기치수20'!N15,Z40) -> 865 | S40: =IF(AA40="",'06_집기치수20'!O15,AA40) -> 270 | T40: 220 | U40: =IF(AB40="",'06_집기치수20'!P15,AB40-'06_집기치수20'!I15) -> 200 | V40: =IF(Q40=0,"",IF(COUNTIFS('05_상품별배치367'!$B$7:$B$373,A40,'05_상품별배치367'!$T$7:$T$373,"입력 대기")>0,"",SUMIFS('05_상품별배치367'!$S$7:$S$373,'05_상품별배치367'!$B$7:$B$373,A40))) | W40: =IF(Q40=0,"미진열",IF(COUNTIFS('05_상품별배치367'!$B$7:$B$373,A40,'05_상품별배치367'!$T$7:$T$373,"치수 초과")>0,"치수 초과",IF(COUNTIFS('05_상품별배치367'!$B$7:$B$373,A40,'05_상품별배치367'!$T$7:$T$373,"입력 대기")>0,"치수 입력 대기",IF(V40>R40,"폭 합계 초과","도면/실측 범위 내·현장확인")))) -> 치수 입력 대기 | X40: pd0002035 1F pd0002031 1F | Y40: 선반
A41: L2/S5 | B41: L2 | C41: 좌측 벽면 | D41: 5 | E41: 일반약·여행·생활 | F41: 멀미·이동 상담 | G41: 멀미 상담약 | H41: 보나링츄어블정 멀스토구강용해필름 해피트립액 | I41: pd0002050 pd0002051 pd0002048 | J41: 대체 후보는 전체 상품 시트에서 동일 상품군 필터 | K41: 오픈 진열 | N41: 상품명·규격은 원장 보존. 판매 단위·포장 치수·집기 실측 확인 후 배치 확정. | O41: PDF p7 (2026-08-07) + 원본 2526품목; 판매·마진 데이터 없음 | P41: =COUNTIFS('05_상품별배치367'!$B$7:$B$373,A41,'05_상품별배치367'!$K$7:$K$373,">0") -> 3 | Q41: =SUMIFS('05_상품별배치367'!$K$7:$K$373,'05_상품별배치367'!$B$7:$B$373,A41) -> 3 | R41: =IF(Z41="",'06_집기치수20'!N16,Z41) -> 865 | S41: =IF(AA41="",'06_집기치수20'!O16,AA41) -> 270 | T41: 220 | U41: =IF(AB41="",'06_집기치수20'!P16,AB41-'06_집기치수20'!I16) -> 200 | V41: =IF(Q41=0,"",IF(COUNTIFS('05_상품별배치367'!$B$7:$B$373,A41,'05_상품별배치367'!$T$7:$T$373,"입력 대기")>0,"",SUMIFS('05_상품별배치367'!$S$7:$S$373,'05_상품별배치367'!$B$7:$B$373,A41))) | W41: =IF(Q41=0,"미진열",IF(COUNTIFS('05_상품별배치367'!$B$7:$B$373,A41,'05_상품별배치367'!$T$7:$T$373,"치수 초과")>0,"치수 초과",IF(COUNTIFS('05_상품별배치367'!$B$7:$B$373,A41,'05_상품별배치367'!$T$7:$T$373,"입력 대기")>0,"치수 입력 대기",IF(V41>R41,"폭 합계 초과","도면/실측 범위 내·현장확인")))) -> 치수 입력 대기 | X41: pd0002050 1F pd0002051 1F pd0002048 1F | Y41: 선반
A42: L3/S1 | B42: L3 | C42: 좌측 벽면 | D42: 1 | E42: 일반약·여행·생활 | F42: 해열·진통 소포장 | G42: 경구 해열·진통제 | H42: 타이레놀정500mg 이지엔6이브 탁센연질캡슐 탁센덱시연질캡슐 | I42: pd0001934 pd0001940 pd0001947 pd0001949 | J42: 대체 후보는 전체 상품 시트에서 동일 상품군 필터 | K42: 오픈 진열 | N42: 최상단 개구100mm, 계획 상품높이80mm 이하. 낮은 포장 또는 허용된 눕힘 진열만. 초과 시 S2 이하로 재배치. | O42: PDF p7 (2026-08-07) + 원본 2526품목; 판매·마진 데이터 없음 | P42: =COUNTIFS('05_상품별배치367'!$B$7:$B$373,A42,'05_상품별배치367'!$K$7:$K$373,">0") -> 4 | Q42: =SUMIFS('05_상품별배치367'!$K$7:$K$373,'05_상품별배치367'!$B$7:$B$373,A42) -> 5 | R42: =IF(Z42="",'06_집기치수20'!N12,Z42) -> 865 | S42: =IF(AA42="",'06_집기치수20'!O12,AA42) -> 270 | T42: 100 | U42: =IF(AB42="",'06_집기치수20'!P12,AB42-'06_집기치수20'!I12) -> 80 | V42: =IF(Q42=0,"",IF(COUNTIFS('05_상품별배치367'!$B$7:$B$373,A42,'05_상품별배치367'!$T$7:$T$373,"입력 대기")>0,"",SUMIFS('05_상품별배치367'!$S$7:$S$373,'05_상품별배치367'!$B$7:$B$373,A42))) | W42: =IF(Q42=0,"미진열",IF(COUNTIFS('05_상품별배치367'!$B$7:$B$373,A42,'05_상품별배치367'!$T$7:$T$373,"치수 초과")>0,"치수 초과",IF(COUNTIFS('05_상품별배치367'!$B$7:$B$373,A42,'05_상품별배치367'!$T$7:$T$373,"입력 대기")>0,"치수 입력 대기",IF(V42>R42,"폭 합계 초과","도면/실측 범위 내·현장확인")))) -> 치수 입력 대기 | X42: pd0001934 2F pd0001940 1F pd0001947 1F pd0001949 1F | Y42: 선반
A43: L3/S2 | B43: L3 | C43: 좌측 벽면 | D43: 2 | E43: 일반약·여행·생활 | F43: 파스 기본·롱 규격 | G43: 파스·바르는 진통제 | H43: 신신파스아렉스(중) 신신파스플렉스 아렉스마일드 신신파스 아렉스 롱 | I43: pd0001890 pd0001875 pd0001883 | J43: 대체 후보는 전체 상품 시트에서 동일 상품군 필터 | K43: 오픈 진열 | N43: 상품명·규격은 원장 보존. 판매 단위·포장 치수·집기 실측 확인 후 배치 확정. | O43: PDF p7 (2026-08-07) + 원본 2526품목; 판매·마진 데이터 없음 | P43: =COUNTIFS('05_상품별배치367'!$B$7:$B$373,A43,'05_상품별배치367'!$K$7:$K$373,">0") -> 3 | Q43: =SUMIFS('05_상품별배치367'!$K$7:$K$373,'05_상품별배치367'!$B$7:$B$373,A43) -> 4 | R43: =IF(Z43="",'06_집기치수20'!N13,Z43) -> 865 | S43: =IF(AA43="",'06_집기치수20'!O13,AA43) -> 270 | T43: 220 | U43: =IF(AB43="",'06_집기치수20'!P13,AB43-'06_집기치수20'!I13) -> 200 | V43: =IF(Q43=0,"",IF(COUNTIFS('05_상품별배치367'!$B$7:$B$373,A43,'05_상품별배치367'!$T$7:$T$373,"입력 대기")>0,"",SUMIFS('05_상품별배치367'!$S$7:$S$373,'05_상품별배치367'!$B$7:$B$373,A43))) | W43: =IF(Q43=0,"미진열",IF(COUNTIFS('05_상품별배치367'!$B$7:$B$373,A43,'05_상품별배치367'!$T$7:$T$373,"치수 초과")>0,"치수 초과",IF(COUNTIFS('05_상품별배치367'!$B$7:$B$373,A43,'05_상품별배치367'!$T$7:$T$373,"입력 대기")>0,"치수 입력 대기",IF(V43>R43,"폭 합계 초과","도면/실측 범위 내·현장확인")))) -> 치수 입력 대기 | X43: pd0001890 2F pd0001875 1F pd0001883 1F | Y43: 선반
A44: L3/S3 | B44: L3 | C44: 좌측 벽면 | D44: 3 | E44: 일반약·여행·생활 | F44: 코인·쿨 타입 | G44: 파스·바르는 진통제 | H44: 로이히츠보코 코인플라스타 디펜쿨플라스타 | I44: pd0001902 pd0001867 | J44: 대체 후보는 전체 상품 시트에서 동일 상품군 필터 | K44: 오픈 진열 | N44: 상품명·규격은 원장 보존. 판매 단위·포장 치수·집기 실측 확인 후 배치 확정. | O44: PDF p7 (2026-08-07) + 원본 2526품목; 판매·마진 데이터 없음 | P44: =COUNTIFS('05_상품별배치367'!$B$7:$B$373,A44,'05_상품별배치367'!$K$7:$K$373,">0") -> 2 | Q44: =SUMIFS('05_상품별배치367'!$K$7:$K$373,'05_상품별배치367'!$B$7:$B$373,A44) -> 2 | R44: =IF(Z44="",'06_집기치수20'!N14,Z44) -> 865 | S44: =IF(AA44="",'06_집기치수20'!O14,AA44) -> 270 | T44: 220 | U44: =IF(AB44="",'06_집기치수20'!P14,AB44-'06_집기치수20'!I14) -> 200 | V44: =IF(Q44=0,"",IF(COUNTIFS('05_상품별배치367'!$B$7:$B$373,A44,'05_상품별배치367'!$T$7:$T$373,"입력 대기")>0,"",SUMIFS('05_상품별배치367'!$S$7:$S$373,'05_상품별배치367'!$B$7:$B$373,A44))) | W44: =IF(Q44=0,"미진열",IF(COUNTIFS('05_상품별배치367'!$B$7:$B$373,A44,'05_상품별배치367'!$T$7:$T$373,"치수 초과")>0,"치수 초과",IF(COUNTIFS('05_상품별배치367'!$B$7:$B$373,A44,'05_상품별배치367'!$T$7:$T$373,"입력 대기")>0,"치수 입력 대기",IF(V44>R44,"폭 합계 초과","도면/실측 범위 내·현장확인")))) -> 치수 입력 대기 | X44: pd0001902 1F pd0001867 1F | Y44: 선반
A45: L3/S4 | B45: L3 | C45: 좌측 벽면 | D45: 4 | E45: 일반약·여행·생활 | F45: 바르는 진통 제형 | G45: 파스·바르는 진통제 | H45: 안티푸라민연고 안티푸라민로션에스 제놀록소파워겔 | I45: pd0002405 pd0001897 pd0001895 | J45: 대체 후보는 전체 상품 시트에서 동일 상품군 필터 | K45: 오픈 진열 | N45: 상품명·규격은 원장 보존. 판매 단위·포장 치수·집기 실측 확인 후 배치 확정. | O45: PDF p7 (2026-08-07) + 원본 2526품목; 판매·마진 데이터 없음 | P45: =COUNTIFS('05_상품별배치367'!$B$7:$B$373,A45,'05_상품별배치367'!$K$7:$K$373,">0") -> 3 | Q45: =SUMIFS('05_상품별배치367'!$K$7:$K$373,'05_상품별배치367'!$B$7:$B$373,A45) -> 3 | R45: =IF(Z45="",'06_집기치수20'!N15,Z45) -> 865 | S45: =IF(AA45="",'06_집기치수20'!O15,AA45) -> 270 | T45: 220 | U45: =IF(AB45="",'06_집기치수20'!P15,AB45-'06_집기치수20'!I15) -> 200 | V45: =IF(Q45=0,"",IF(COUNTIFS('05_상품별배치367'!$B$7:$B$373,A45,'05_상품별배치367'!$T$7:$T$373,"입력 대기")>0,"",SUMIFS('05_상품별배치367'!$S$7:$S$373,'05_상품별배치367'!$B$7:$B$373,A45))) | W45: =IF(Q45=0,"미진열",IF(COUNTIFS('05_상품별배치367'!$B$7:$B$373,A45,'05_상품별배치367'!$T$7:$T$373,"치수 초과")>0,"치수 초과",IF(COUNTIFS('05_상품별배치367'!$B$7:$B$373,A45,'05_상품별배치367'!$T$7:$T$373,"입력 대기")>0,"치수 입력 대기",IF(V45>R45,"폭 합계 초과","도면/실측 범위 내·현장확인")))) -> 치수 입력 대기 | X45: pd0002405 1F pd0001897 1F pd0001895 1F | Y45: 선반
A46: L3/S5 | B46: L3 | C46: 좌측 벽면 | D46: 5 | E46: 일반약·여행·생활 | F46: 분사형·큰 포장 | G46: 파스·바르는 진통제 | H46: 신신에어파스에프 안티푸라민쿨에어파스 | I46: pd0001891 pd0002403 | J46: 대체 후보는 전체 상품 시트에서 동일 상품군 필터 | K46: 오픈 진열 | N46: 상품명·규격은 원장 보존. 판매 단위·포장 치수·집기 실측 확인 후 배치 확정. | O46: PDF p7 (2026-08-07) + 원본 2526품목; 판매·마진 데이터 없음 | P46: =COUNTIFS('05_상품별배치367'!$B$7:$B$373,A46,'05_상품별배치367'!$K$7:$K$373,">0") -> 2 | Q46: =SUMIFS('05_상품별배치367'!$K$7:$K$373,'05_상품별배치367'!$B$7:$B$373,A46) -> 2 | R46: =IF(Z46="",'06_집기치수20'!N16,Z46) -> 865 | S46: =IF(AA46="",'06_집기치수20'!O16,AA46) -> 270 | T46: 220 | U46: =IF(AB46="",'06_집기치수20'!P16,AB46-'06_집기치수20'!I16) -> 200 | V46: =IF(Q46=0,"",IF(COUNTIFS('05_상품별배치367'!$B$7:$B$373,A46,'05_상품별배치367'!$T$7:$T$373,"입력 대기")>0,"",SUMIFS('05_상품별배치367'!$S$7:$S$373,'05_상품별배치367'!$B$7:$B$373,A46))) | W46: =IF(Q46=0,"미진열",IF(COUNTIFS('05_상품별배치367'!$B$7:$B$373,A46,'05_상품별배치367'!$T$7:$T$373,"치수 초과")>0,"치수 초과",IF(COUNTIFS('05_상품별배치367'!$B$7:$B$373,A46,'05_상품별배치367'!$T$7:$T$373,"입력 대기")>0,"치수 입력 대기",IF(V46>R46,"폭 합계 초과","도면/실측 범위 내·현장확인")))) -> 치수 입력 대기 | X46: pd0001891 1F pd0002403 1F | Y46: 선반
A47: L4/S1 | B47: L4 | C47: 좌측 벽면 | D47: 1 | E47: 립·눈·다리·구강 | F47: 구내염 상담·낮은 포장 | G47: 구내염·구강 상담약 | H47: 페리톡겔 10g 페리덱스연고 | I47: pd0001927 pd0001937 | J47: 대체 후보는 전체 상품 시트에서 동일 상품군 필터 | K47: 오픈 진열 | N47: 최상단 개구100mm, 계획 상품높이80mm 이하. 낮은 포장 또는 허용된 눕힘 진열만. 초과 시 S2 이하로 재배치. | O47: PDF p7 (2026-08-07) + 원본 2526품목; 판매·마진 데이터 없음 | P47: =COUNTIFS('05_상품별배치367'!$B$7:$B$373,A47,'05_상품별배치367'!$K$7:$K$373,">0") -> 2 | Q47: =SUMIFS('05_상품별배치367'!$K$7:$K$373,'05_상품별배치367'!$B$7:$B$373,A47) -> 2 | R47: =IF(Z47="",'06_집기치수20'!N12,Z47) -> 865 | S47: =IF(AA47="",'06_집기치수20'!O12,AA47) -> 270 | T47: 100 | U47: =IF(AB47="",'06_집기치수20'!P12,AB47-'06_집기치수20'!I12) -> 80 | V47: =IF(Q47=0,"",IF(COUNTIFS('05_상품별배치367'!$B$7:$B$373,A47,'05_상품별배치367'!$T$7:$T$373,"입력 대기")>0,"",SUMIFS('05_상품별배치367'!$S$7:$S$373,'05_상품별배치367'!$B$7:$B$373,A47))) | W47: =IF(Q47=0,"미진열",IF(COUNTIFS('05_상품별배치367'!$B$7:$B$373,A47,'05_상품별배치367'!$T$7:$T$373,"치수 초과")>0,"치수 초과",IF(COUNTIFS('05_상품별배치367'!$B$7:$B$373,A47,'05_상품별배치367'!$T$7:$T$373,"입력 대기")>0,"치수 입력 대기",IF(V47>R47,"폭 합계 초과","도면/실측 범위 내·현장확인")))) -> 치수 입력 대기 | X47: pd0001927 1F pd0001937 1F | Y47: 선반
A48: L4/S2 | B48: L4 | C48: 좌측 벽면 | D48: 2 | E48: 립·눈·다리·구강 | F48: 잇몸·불소 치약 | G48: 치약 | H48: 오스템 옥치잇몸치약 옥치불소1450치약 | I48: pd0002316 pd0002317 | J48: 대체 후보는 전체 상품 시트에서 동일 상품군 필터 | K48: 오픈 진열 | N48: 상품명·규격은 원장 보존. 판매 단위·포장 치수·집기 실측 확인 후 배치 확정. | O48: PDF p7 (2026-08-07) + 원본 2526품목; 판매·마진 데이터 없음 | P48: =COUNTIFS('05_상품별배치367'!$B$7:$B$373,A48,'05_상품별배치367'!$K$7:$K$373,">0") -> 2 | Q48: =SUMIFS('05_상품별배치367'!$K$7:$K$373,'05_상품별배치367'!$B$7:$B$373,A48) -> 2 | R48: =IF(Z48="",'06_집기치수20'!N13,Z48) -> 865 | S48: =IF(AA48="",'06_집기치수20'!O13,AA48) -> 270 | T48: 220 | U48: =IF(AB48="",'06_집기치수20'!P13,AB48-'06_집기치수20'!I13) -> 200 | V48: =IF(Q48=0,"",IF(COUNTIFS('05_상품별배치367'!$B$7:$B$373,A48,'05_상품별배치367'!$T$7:$T$373,"입력 대기")>0,"",SUMIFS('05_상품별배치367'!$S$7:$S$373,'05_상품별배치367'!$B$7:$B$373,A48))) | W48: =IF(Q48=0,"미진열",IF(COUNTIFS('05_상품별배치367'!$B$7:$B$373,A48,'05_상품별배치367'!$T$7:$T$373,"치수 초과")>0,"치수 초과",IF(COUNTIFS('05_상품별배치367'!$B$7:$B$373,A48,'05_상품별배치367'!$T$7:$T$373,"입력 대기")>0,"치수 입력 대기",IF(V48>R48,"폭 합계 초과","도면/실측 범위 내·현장확인")))) -> 치수 입력 대기 | X48: pd0002316 1F pd0002317 1F | Y48: 선반
A49: L4/S3 | B49: L4 | C49: 좌측 벽면 | D49: 3 | E49: 립·눈·다리·구강 | F49: 휴대 가글·구강 스프레이 | G49: 가글·구강 스프레이 | H49: 폼글 거품가글 슈퍼민트(알란토인) 50ml 블루브레스구강스프레이 | I49: pd0002172 pd0002105 | J49: 대체 후보는 전체 상품 시트에서 동일 상품군 필터 | K49: 오픈 진열 | N49: 상품명·규격은 원장 보존. 판매 단위·포장 치수·집기 실측 확인 후 배치 확정. | O49: PDF p7 (2026-08-07) + 원본 2526품목; 판매·마진 데이터 없음 | P49: =COUNTIFS('05_상품별배치367'!$B$7:$B$373,A49,'05_상품별배치367'!$K$7:$K$373,">0") -> 2 | Q49: =SUMIFS('05_상품별배치367'!$K$7:$K$373,'05_상품별배치367'!$B$7:$B$373,A49) -> 2 | R49: =IF(Z49="",'06_집기치수20'!N14,Z49) -> 865 | S49: =IF(AA49="",'06_집기치수20'!O14,AA49) -> 270 | T49: 220 | U49: =IF(AB49="",'06_집기치수20'!P14,AB49-'06_집기치수20'!I14) -> 200 | V49: =IF(Q49=0,"",IF(COUNTIFS('05_상품별배치367'!$B$7:$B$373,A49,'05_상품별배치367'!$T$7:$T$373,"입력 대기")>0,"",SUMIFS('05_상품별배치367'!$S$7:$S$373,'05_상품별배치367'!$B$7:$B$373,A49))) | W49: =IF(Q49=0,"미진열",IF(COUNTIFS('05_상품별배치367'!$B$7:$B$373,A49,'05_상품별배치367'!$T$7:$T$373,"치수 초과")>0,"치수 초과",IF(COUNTIFS('05_상품별배치367'!$B$7:$B$373,A49,'05_상품별배치367'!$T$7:$T$373,"입력 대기")>0,"치수 입력 대기",IF(V49>R49,"폭 합계 초과","도면/실측 범위 내·현장확인")))) -> 치수 입력 대기 | X49: pd0002172 1F pd0002105 1F | Y49: 선반
A50: L4/S4 | B50: L4 | C50: 좌측 벽면 | D50: 4 | E50: 립·눈·다리·구강 | F50: 칫솔·치실·혀 세정 | G50: 칫솔·치실·구강용품 | H50: 유이앤루이 핀포인트 칫솔 아케이바이 오토 디스펜서 치실 폼글 양면 혀클리너 (블루) 1P | I50: pd0002140 pd0002131 pd0002173 | J50: 대체 후보는 전체 상품 시트에서 동일 상품군 필터 | K50: 오픈 진열 | N50: 상품명·규격은 원장 보존. 판매 단위·포장 치수·집기 실측 확인 후 배치 확정. | O50: PDF p7 (2026-08-07) + 원본 2526품목; 판매·마진 데이터 없음 | P50: =COUNTIFS('05_상품별배치367'!$B$7:$B$373,A50,'05_상품별배치367'!$K$7:$K$373,">0") -> 3 | Q50: =SUMIFS('05_상품별배치367'!$K$7:$K$373,'05_상품별배치367'!$B$7:$B$373,A50) -> 3 | R50: =IF(Z50="",'06_집기치수20'!N15,Z50) -> 865 | S50: =IF(AA50="",'06_집기치수20'!O15,AA50) -> 270 | T50: 220 | U50: =IF(AB50="",'06_집기치수20'!P15,AB50-'06_집기치수20'!I15) -> 200 | V50: =IF(Q50=0,"",IF(COUNTIFS('05_상품별배치367'!$B$7:$B$373,A50,'05_상품별배치367'!$T$7:$T$373,"입력 대기")>0,"",SUMIFS('05_상품별배치367'!$S$7:$S$373,'05_상품별배치367'!$B$7:$B$373,A50))) | W50: =IF(Q50=0,"미진열",IF(COUNTIFS('05_상품별배치367'!$B$7:$B$373,A50,'05_상품별배치367'!$T$7:$T$373,"치수 초과")>0,"치수 초과",IF(COUNTIFS('05_상품별배치367'!$B$7:$B$373,A50,'05_상품별배치367'!$T$7:$T$373,"입력 대기")>0,"치수 입력 대기",IF(V50>R50,"폭 합계 초과","도면/실측 범위 내·현장확인")))) -> 치수 입력 대기 | X50: pd0002140 1F pd0002131 1F pd0002173 1F | Y50: 선반
A51: L4/S5 | B51: L4 | C51: 좌측 벽면 | D51: 5 | E51: 립·눈·다리·구강 | F51: 일상 가글 큰 포장 | G51: 가글·구강 스프레이 | H51: 테라브레스 프레시브레스 클린민트 테라브레스 헬시스마일 오랄린스 스파클민트향 | I51: pd0002074 pd0002511 | J51: 대체 후보는 전체 상품 시트에서 동일 상품군 필터 | K51: 오픈 진열 | N51: 상품명·규격은 원장 보존. 판매 단위·포장 치수·집기 실측 확인 후 배치 확정. | O51: PDF p7 (2026-08-07) + 원본 2526품목; 판매·마진 데이터 없음 | P51: =COUNTIFS('05_상품별배치367'!$B$7:$B$373,A51,'05_상품별배치367'!$K$7:$K$373,">0") -> 2 | Q51: =SUMIFS('05_상품별배치367'!$K$7:$K$373,'05_상품별배치367'!$B$7:$B$373,A51) -> 2 | R51: =IF(Z51="",'06_집기치수20'!N16,Z51) -> 865 | S51: =IF(AA51="",'06_집기치수20'!O16,AA51) -> 270 | T51: 220 | U51: =IF(AB51="",'06_집기치수20'!P16,AB51-'06_집기치수20'!I16) -> 200 | V51: =IF(Q51=0,"",IF(COUNTIFS('05_상품별배치367'!$B$7:$B$373,A51,'05_상품별배치367'!$T$7:$T$373,"입력 대기")>0,"",SUMIFS('05_상품별배치367'!$S$7:$S$373,'05_상품별배치367'!$B$7:$B$373,A51))) | W51: =IF(Q51=0,"미진열",IF(COUNTIFS('05_상품별배치367'!$B$7:$B$373,A51,'05_상품별배치367'!$T$7:$T$373,"치수 초과")>0,"치수 초과",IF(COUNTIFS('05_상품별배치367'!$B$7:$B$373,A51,'05_상품별배치367'!$T$7:$T$373,"입력 대기")>0,"치수 입력 대기",IF(V51>R51,"폭 합계 초과","도면/실측 범위 내·현장확인")))) -> 치수 입력 대기 | X51: pd0002074 1F pd0002511 1F | Y51: 선반
A52: B1/S1 | B52: B1 | C52: entry | D52: 1 | E52: 피부약·상처 보호 | F52: 선택 안내 | G52: 면포성 여드름 외용제 / 붉은 여드름 외용제 / 기타 여드름 외용제 | J52: 대체 후보는 전체 상품 시트에서 동일 상품군 필터 | K52: 안내 | N52: 최상단 개구100mm, 계획 상품높이80mm 이하. 낮은 포장 또는 허용된 눕힘 진열만. 초과 시 S2 이하로 재배치. | O52: PDF p7 (2026-08-07) + 원본 2526품목; 판매·마진 데이터 없음 | P52: =COUNTIFS('05_상품별배치367'!$B$7:$B$373,A52,'05_상품별배치367'!$K$7:$K$373,">0") -> 0 | Q52: =SUMIFS('05_상품별배치367'!$K$7:$K$373,'05_상품별배치367'!$B$7:$B$373,A52) -> 0 | R52: =IF(Z52="",'06_집기치수20'!N12,Z52) -> 865 | S52: =IF(AA52="",'06_집기치수20'!O12,AA52) -> 270 | T52: 100 | U52: =IF(AB52="",'06_집기치수20'!P12,AB52-'06_집기치수20'!I12) -> 80 | V52: =IF(Q52=0,"",IF(COUNTIFS('05_상품별배치367'!$B$7:$B$373,A52,'05_상품별배치367'!$T$7:$T$373,"입력 대기")>0,"",SUMIFS('05_상품별배치367'!$S$7:$S$373,'05_상품별배치367'!$B$7:$B$373,A52))) | W52: =IF(Q52=0,"미진열",IF(COUNTIFS('05_상품별배치367'!$B$7:$B$373,A52,'05_상품별배치367'!$T$7:$T$373,"치수 초과")>0,"치수 초과",IF(COUNTIFS('05_상품별배치367'!$B$7:$B$373,A52,'05_상품별배치367'!$T$7:$T$373,"입력 대기")>0,"치수 입력 대기",IF(V52>R52,"폭 합계 초과","도면/실측 범위 내·현장확인")))) -> 미진열 | Y52: 선반
A53: B1/S2 | B53: B1 | C53: entry | D53: 2 | E53: 피부약·상처 보호 | F53: 면포성 여드름 외용제 / 붉은 여드름 외용제 | G53: 면포성 여드름 외용제 / 붉은 여드름 외용제 | H53: 애크린 겔 애크논 크림 | I53: pd0001835 pd0001856 | J53: 대체 후보는 전체 상품 시트에서 동일 상품군 필터 | K53: 테마 진열 | N53: 상품명·규격은 원장 보존. 판매 단위·포장 치수·집기 실측 확인 후 배치 확정. | O53: PDF p7 (2026-08-07) + 원본 2526품목; 판매·마진 데이터 없음 | P53: =COUNTIFS('05_상품별배치367'!$B$7:$B$373,A53,'05_상품별배치367'!$K$7:$K$373,">0") -> 2 | Q53: =SUMIFS('05_상품별배치367'!$K$7:$K$373,'05_상품별배치367'!$B$7:$B$373,A53) -> 2 | R53: =IF(Z53="",'06_집기치수20'!N13,Z53) -> 865 | S53: =IF(AA53="",'06_집기치수20'!O13,AA53) -> 270 | T53: 220 | U53: =IF(AB53="",'06_집기치수20'!P13,AB53-'06_집기치수20'!I13) -> 200 | V53: =IF(Q53=0,"",IF(COUNTIFS('05_상품별배치367'!$B$7:$B$373,A53,'05_상품별배치367'!$T$7:$T$373,"입력 대기")>0,"",SUMIFS('05_상품별배치367'!$S$7:$S$373,'05_상품별배치367'!$B$7:$B$373,A53))) | W53: =IF(Q53=0,"미진열",IF(COUNTIFS('05_상품별배치367'!$B$7:$B$373,A53,'05_상품별배치367'!$T$7:$T$373,"치수 초과")>0,"치수 초과",IF(COUNTIFS('05_상품별배치367'!$B$7:$B$373,A53,'05_상품별배치367'!$T$7:$T$373,"입력 대기")>0,"치수 입력 대기",IF(V53>R53,"폭 합계 초과","도면/실측 범위 내·현장확인")))) -> 치수 입력 대기 | X53: pd0001835 1F pd0001856 1F | Y53: 선반
A54: B1/S3 | B54: B1 | C54: entry | D54: 3 | E54: 피부약·상처 보호 | F54: 스팟 보호 패치 | G54: 스팟 보호 패치 | H54: 이지덤뷰티 | I54: pd0002320 | J54: 대체 후보는 전체 상품 시트에서 동일 상품군 필터 | K54: 테마 진열 | N54: 상품명·규격은 원장 보존. 판매 단위·포장 치수·집기 실측 확인 후 배치 확정. | O54: PDF p7 (2026-08-07) + 원본 2526품목; 판매·마진 데이터 없음 | P54: =COUNTIFS('05_상품별배치367'!$B$7:$B$373,A54,'05_상품별배치367'!$K$7:$K$373,">0") -> 1 | Q54: =SUMIFS('05_상품별배치367'!$K$7:$K$373,'05_상품별배치367'!$B$7:$B$373,A54) -> 1 | R54: =IF(Z54="",'06_집기치수20'!N14,Z54) -> 865 | S54: =IF(AA54="",'06_집기치수20'!O14,AA54) -> 270 | T54: 220 | U54: =IF(AB54="",'06_집기치수20'!P14,AB54-'06_집기치수20'!I14) -> 200 | V54: =IF(Q54=0,"",IF(COUNTIFS('05_상품별배치367'!$B$7:$B$373,A54,'05_상품별배치367'!$T$7:$T$373,"입력 대기")>0,"",SUMIFS('05_상품별배치367'!$S$7:$S$373,'05_상품별배치367'!$B$7:$B$373,A54))) | W54: =IF(Q54=0,"미진열",IF(COUNTIFS('05_상품별배치367'!$B$7:$B$373,A54,'05_상품별배치367'!$T$7:$T$373,"치수 초과")>0,"치수 초과",IF(COUNTIFS('05_상품별배치367'!$B$7:$B$373,A54,'05_상품별배치367'!$T$7:$T$373,"입력 대기")>0,"치수 입력 대기",IF(V54>R54,"폭 합계 초과","도면/실측 범위 내·현장확인")))) -> 치수 입력 대기 | X54: pd0002320 1F | Y54: 선반
A55: B1/S4 | B55: B1 | C55: entry | D55: 4 | E55: 피부약·상처 보호 | F55: 스팟 보호 패치 | G55: 스팟 보호 패치 | H55: 아크로패스 트러블 스팟 카밍 패치 (60패치) | I55: pd0000903 | J55: 대체 후보는 전체 상품 시트에서 동일 상품군 필터 | K55: 테마 진열 | N55: 상품명·규격은 원장 보존. 판매 단위·포장 치수·집기 실측 확인 후 배치 확정. | O55: PDF p7 (2026-08-07) + 원본 2526품목; 판매·마진 데이터 없음 | P55: =COUNTIFS('05_상품별배치367'!$B$7:$B$373,A55,'05_상품별배치367'!$K$7:$K$373,">0") -> 1 | Q55: =SUMIFS('05_상품별배치367'!$K$7:$K$373,'05_상품별배치367'!$B$7:$B$373,A55) -> 1 | R55: =IF(Z55="",'06_집기치수20'!N15,Z55) -> 865 | S55: =IF(AA55="",'06_집기치수20'!O15,AA55) -> 270 | T55: 220 | U55: =IF(AB55="",'06_집기치수20'!P15,AB55-'06_집기치수20'!I15) -> 200 | V55: =IF(Q55=0,"",IF(COUNTIFS('05_상품별배치367'!$B$7:$B$373,A55,'05_상품별배치367'!$T$7:$T$373,"입력 대기")>0,"",SUMIFS('05_상품별배치367'!$S$7:$S$373,'05_상품별배치367'!$B$7:$B$373,A55))) | W55: =IF(Q55=0,"미진열",IF(COUNTIFS('05_상품별배치367'!$B$7:$B$373,A55,'05_상품별배치367'!$T$7:$T$373,"치수 초과")>0,"치수 초과",IF(COUNTIFS('05_상품별배치367'!$B$7:$B$373,A55,'05_상품별배치367'!$T$7:$T$373,"입력 대기")>0,"치수 입력 대기",IF(V55>R55,"폭 합계 초과","도면/실측 범위 내·현장확인")))) -> 치수 입력 대기 | X55: pd0000903 1F | Y55: 선반
A56: B1/S5 | B56: B1 | C56: entry | D56: 5 | E56: 피부약·상처 보호 | F56: 추가 도입 여유 | G56: 안내·교체 여유 | J56: 대체 후보는 전체 상품 시트에서 동일 상품군 필터 | K56: 확장 여유 | N56: 상품명·규격은 원장 보존. 판매 단위·포장 치수·집기 실측 확인 후 배치 확정. | O56: PDF p7 (2026-08-07) + 원본 2526품목; 판매·마진 데이터 없음 | P56: =COUNTIFS('05_상품별배치367'!$B$7:$B$373,A56,'05_상품별배치367'!$K$7:$K$373,">0") -> 0 | Q56: =SUMIFS('05_상품별배치367'!$K$7:$K$373,'05_상품별배치367'!$B$7:$B$373,A56) -> 0 | R56: =IF(Z56="",'06_집기치수20'!N16,Z56) -> 865 | S56: =IF(AA56="",'06_집기치수20'!O16,AA56) -> 270 | T56: 220 | U56: =IF(AB56="",'06_집기치수20'!P16,AB56-'06_집기치수20'!I16) -> 200 | V56: =IF(Q56=0,"",IF(COUNTIFS('05_상품별배치367'!$B$7:$B$373,A56,'05_상품별배치367'!$T$7:$T$373,"입력 대기")>0,"",SUMIFS('05_상품별배치367'!$S$7:$S$373,'05_상품별배치367'!$B$7:$B$373,A56))) | W56: =IF(Q56=0,"미진열",IF(COUNTIFS('05_상품별배치367'!$B$7:$B$373,A56,'05_상품별배치367'!$T$7:$T$373,"치수 초과")>0,"치수 초과",IF(COUNTIFS('05_상품별배치367'!$B$7:$B$373,A56,'05_상품별배치367'!$T$7:$T$373,"입력 대기")>0,"치수 입력 대기",IF(V56>R56,"폭 합계 초과","도면/실측 범위 내·현장확인")))) -> 미진열 | Y56: 선반
A57: B2/S1 | B57: B2 | C57: entry | D57: 1 | E57: 피부약·상처 보호 | F57: 선택 안내 | G57: 흉터 외용제 / 상처 항균 외용제 / 일반·방수 밴드 | J57: 대체 후보는 전체 상품 시트에서 동일 상품군 필터 | K57: 안내 | N57: 최상단 개구100mm, 계획 상품높이80mm 이하. 낮은 포장 또는 허용된 눕힘 진열만. 초과 시 S2 이하로 재배치. | O57: PDF p7 (2026-08-07) + 원본 2526품목; 판매·마진 데이터 없음 | P57: =COUNTIFS('05_상품별배치367'!$B$7:$B$373,A57,'05_상품별배치367'!$K$7:$K$373,">0") -> 0 | Q57: =SUMIFS('05_상품별배치367'!$K$7:$K$373,'05_상품별배치367'!$B$7:$B$373,A57) -> 0 | R57: =IF(Z57="",'06_집기치수20'!N12,Z57) -> 865 | S57: =IF(AA57="",'06_집기치수20'!O12,AA57) -> 270 | T57: 100 | U57: =IF(AB57="",'06_집기치수20'!P12,AB57-'06_집기치수20'!I12) -> 80 | V57: =IF(Q57=0,"",IF(COUNTIFS('05_상품별배치367'!$B$7:$B$373,A57,'05_상품별배치367'!$T$7:$T$373,"입력 대기")>0,"",SUMIFS('05_상품별배치367'!$S$7:$S$373,'05_상품별배치367'!$B$7:$B$373,A57))) | W57: =IF(Q57=0,"미진열",IF(COUNTIFS('05_상품별배치367'!$B$7:$B$373,A57,'05_상품별배치367'!$T$7:$T$373,"치수 초과")>0,"치수 초과",IF(COUNTIFS('05_상품별배치367'!$B$7:$B$373,A57,'05_상품별배치367'!$T$7:$T$373,"입력 대기")>0,"치수 입력 대기",IF(V57>R57,"폭 합계 초과","도면/실측 범위 내·현장확인")))) -> 미진열 | Y57: 선반
A58: B2/S2 | B58: B2 | C58: entry | D58: 2 | E58: 피부약·상처 보호 | F58: 흉터 외용제 | G58: 흉터 외용제 | H58: 노스카나겔 | I58: pd0001833 | J58: 대체 후보는 전체 상품 시트에서 동일 상품군 필터 | K58: 테마 진열 | N58: 상품명·규격은 원장 보존. 판매 단위·포장 치수·집기 실측 확인 후 배치 확정. | O58: PDF p7 (2026-08-07) + 원본 2526품목; 판매·마진 데이터 없음 | P58: =COUNTIFS('05_상품별배치367'!$B$7:$B$373,A58,'05_상품별배치367'!$K$7:$K$373,">0") -> 1 | Q58: =SUMIFS('05_상품별배치367'!$K$7:$K$373,'05_상품별배치367'!$B$7:$B$373,A58) -> 1 | R58: =IF(Z58="",'06_집기치수20'!N13,Z58) -> 865 | S58: =IF(AA58="",'06_집기치수20'!O13,AA58) -> 270 | T58: 220 | U58: =IF(AB58="",'06_집기치수20'!P13,AB58-'06_집기치수20'!I13) -> 200 | V58: =IF(Q58=0,"",IF(COUNTIFS('05_상품별배치367'!$B$7:$B$373,A58,'05_상품별배치367'!$T$7:$T$373,"입력 대기")>0,"",SUMIFS('05_상품별배치367'!$S$7:$S$373,'05_상품별배치367'!$B$7:$B$373,A58))) | W58: =IF(Q58=0,"미진열",IF(COUNTIFS('05_상품별배치367'!$B$7:$B$373,A58,'05_상품별배치367'!$T$7:$T$373,"치수 초과")>0,"치수 초과",IF(COUNTIFS('05_상품별배치367'!$B$7:$B$373,A58,'05_상품별배치367'!$T$7:$T$373,"입력 대기")>0,"치수 입력 대기",IF(V58>R58,"폭 합계 초과","도면/실측 범위 내·현장확인")))) -> 치수 입력 대기 | X58: pd0001833 1F | Y58: 선반
A59: B2/S3 | B59: B2 | C59: entry | D59: 3 | E59: 피부약·상처 보호 | F59: 실리콘 흉터관리 제품 | G59: 실리콘 흉터관리 제품 | H59: 더마틱스울트라겔 | I59: pd0001841 | J59: 대체 후보는 전체 상품 시트에서 동일 상품군 필터 | K59: 테마 진열 | N59: 상품명·규격은 원장 보존. 판매 단위·포장 치수·집기 실측 확인 후 배치 확정. | O59: PDF p7 (2026-08-07) + 원본 2526품목; 판매·마진 데이터 없음 | P59: =COUNTIFS('05_상품별배치367'!$B$7:$B$373,A59,'05_상품별배치367'!$K$7:$K$373,">0") -> 1 | Q59: =SUMIFS('05_상품별배치367'!$K$7:$K$373,'05_상품별배치367'!$B$7:$B$373,A59) -> 1 | R59: =IF(Z59="",'06_집기치수20'!N14,Z59) -> 865 | S59: =IF(AA59="",'06_집기치수20'!O14,AA59) -> 270 | T59: 220 | U59: =IF(AB59="",'06_집기치수20'!P14,AB59-'06_집기치수20'!I14) -> 200 | V59: =IF(Q59=0,"",IF(COUNTIFS('05_상품별배치367'!$B$7:$B$373,A59,'05_상품별배치367'!$T$7:$T$373,"입력 대기")>0,"",SUMIFS('05_상품별배치367'!$S$7:$S$373,'05_상품별배치367'!$B$7:$B$373,A59))) | W59: =IF(Q59=0,"미진열",IF(COUNTIFS('05_상품별배치367'!$B$7:$B$373,A59,'05_상품별배치367'!$T$7:$T$373,"치수 초과")>0,"치수 초과",IF(COUNTIFS('05_상품별배치367'!$B$7:$B$373,A59,'05_상품별배치367'!$T$7:$T$373,"입력 대기")>0,"치수 입력 대기",IF(V59>R59,"폭 합계 초과","도면/실측 범위 내·현장확인")))) -> 치수 입력 대기 | X59: pd0001841 1F | Y59: 선반
A60: B2/S4 | B60: B2 | C60: entry | D60: 4 | E60: 피부약·상처 보호 | F60: 일반·방수 밴드 | G60: 일반·방수 밴드 | H60: 케어리브(혼합형) | I60: pd0002474 | J60: 대체 후보는 전체 상품 시트에서 동일 상품군 필터 | K60: 테마 진열 | N60: 상품명·규격은 원장 보존. 판매 단위·포장 치수·집기 실측 확인 후 배치 확정. | O60: PDF p7 (2026-08-07) + 원본 2526품목; 판매·마진 데이터 없음 | P60: =COUNTIFS('05_상품별배치367'!$B$7:$B$373,A60,'05_상품별배치367'!$K$7:$K$373,">0") -> 1 | Q60: =SUMIFS('05_상품별배치367'!$K$7:$K$373,'05_상품별배치367'!$B$7:$B$373,A60) -> 1 | R60: =IF(Z60="",'06_집기치수20'!N15,Z60) -> 865 | S60: =IF(AA60="",'06_집기치수20'!O15,AA60) -> 270 | T60: 220 | U60: =IF(AB60="",'06_집기치수20'!P15,AB60-'06_집기치수20'!I15) -> 200 | V60: =IF(Q60=0,"",IF(COUNTIFS('05_상품별배치367'!$B$7:$B$373,A60,'05_상품별배치367'!$T$7:$T$373,"입력 대기")>0,"",SUMIFS('05_상품별배치367'!$S$7:$S$373,'05_상품별배치367'!$B$7:$B$373,A60))) | W60: =IF(Q60=0,"미진열",IF(COUNTIFS('05_상품별배치367'!$B$7:$B$373,A60,'05_상품별배치367'!$T$7:$T$373,"치수 초과")>0,"치수 초과",IF(COUNTIFS('05_상품별배치367'!$B$7:$B$373,A60,'05_상품별배치367'!$T$7:$T$373,"입력 대기")>0,"치수 입력 대기",IF(V60>R60,"폭 합계 초과","도면/실측 범위 내·현장확인")))) -> 치수 입력 대기 | X60: pd0002474 1F | Y60: 선반
A61: B2/S5 | B61: B2 | C61: entry | D61: 5 | E61: 피부약·상처 보호 | F61: 추가 도입 여유 | G61: 안내·교체 여유 | J61: 대체 후보는 전체 상품 시트에서 동일 상품군 필터 | K61: 확장 여유 | N61: 상품명·규격은 원장 보존. 판매 단위·포장 치수·집기 실측 확인 후 배치 확정. | O61: PDF p7 (2026-08-07) + 원본 2526품목; 판매·마진 데이터 없음 | P61: =COUNTIFS('05_상품별배치367'!$B$7:$B$373,A61,'05_상품별배치367'!$K$7:$K$373,">0") -> 0 | Q61: =SUMIFS('05_상품별배치367'!$K$7:$K$373,'05_상품별배치367'!$B$7:$B$373,A61) -> 0 | R61: =IF(Z61="",'06_집기치수20'!N16,Z61) -> 865 | S61: =IF(AA61="",'06_집기치수20'!O16,AA61) -> 270 | T61: 220 | U61: =IF(AB61="",'06_집기치수20'!P16,AB61-'06_집기치수20'!I16) -> 200 | V61: =IF(Q61=0,"",IF(COUNTIFS('05_상품별배치367'!$B$7:$B$373,A61,'05_상품별배치367'!$T$7:$T$373,"입력 대기")>0,"",SUMIFS('05_상품별배치367'!$S$7:$S$373,'05_상품별배치367'!$B$7:$B$373,A61))) | W61: =IF(Q61=0,"미진열",IF(COUNTIFS('05_상품별배치367'!$B$7:$B$373,A61,'05_상품별배치367'!$T$7:$T$373,"치수 초과")>0,"치수 초과",IF(COUNTIFS('05_상품별배치367'!$B$7:$B$373,A61,'05_상품별배치367'!$T$7:$T$373,"입력 대기")>0,"치수 입력 대기",IF(V61>R61,"폭 합계 초과","도면/실측 범위 내·현장확인")))) -> 미진열 | Y61: 선반
A62: B3/S1 | B62: B3 | C62: entry | D62: 1 | E62: 일반약·여행·생활 | F62: 여행 위생 안내 | G62: 마스크·위생 소모품 | J62: 대체 후보는 전체 상품 시트에서 동일 상품군 필터 | K62: 안내 | N62: 최상단 개구100mm, 계획 상품높이80mm 이하. 낮은 포장 또는 허용된 눕힘 진열만. 초과 시 S2 이하로 재배치. | O62: PDF p7 (2026-08-07) + 원본 2526품목; 판매·마진 데이터 없음 | P62: =COUNTIFS('05_상품별배치367'!$B$7:$B$373,A62,'05_상품별배치367'!$K$7:$K$373,">0") -> 0 | Q62: =SUMIFS('05_상품별배치367'!$K$7:$K$373,'05_상품별배치367'!$B$7:$B$373,A62) -> 0 | R62: =IF(Z62="",'06_집기치수20'!N12,Z62) -> 865 | S62: =IF(AA62="",'06_집기치수20'!O12,AA62) -> 270 | T62: 100 | U62: =IF(AB62="",'06_집기치수20'!P12,AB62-'06_집기치수20'!I12) -> 80 | V62: =IF(Q62=0,"",IF(COUNTIFS('05_상품별배치367'!$B$7:$B$373,A62,'05_상품별배치367'!$T$7:$T$373,"입력 대기")>0,"",SUMIFS('05_상품별배치367'!$S$7:$S$373,'05_상품별배치367'!$B$7:$B$373,A62))) | W62: =IF(Q62=0,"미진열",IF(COUNTIFS('05_상품별배치367'!$B$7:$B$373,A62,'05_상품별배치367'!$T$7:$T$373,"치수 초과")>0,"치수 초과",IF(COUNTIFS('05_상품별배치367'!$B$7:$B$373,A62,'05_상품별배치367'!$T$7:$T$373,"입력 대기")>0,"치수 입력 대기",IF(V62>R62,"폭 합계 초과","도면/실측 범위 내·현장확인")))) -> 미진열 | Y62: 선반
A63: B3/S2 | B63: B3 | C63: entry | D63: 2 | E63: 일반약·여행·생활 | F63: 마스크·호흡기 위생 | G63: 마스크·위생 소모품 | H63: 닥터플러스 KF94 황사마스크 (대형/검정색/새부리형) 이케어 데일리마스크 | I63: pd0000106 pd0000089 | J63: 대체 후보는 전체 상품 시트에서 동일 상품군 필터 | K63: 오픈 진열 | N63: 상품명·규격은 원장 보존. 판매 단위·포장 치수·집기 실측 확인 후 배치 확정. | O63: PDF p7 (2026-08-07) + 원본 2526품목; 판매·마진 데이터 없음 | P63: =COUNTIFS('05_상품별배치367'!$B$7:$B$373,A63,'05_상품별배치367'!$K$7:$K$373,">0") -> 2 | Q63: =SUMIFS('05_상품별배치367'!$K$7:$K$373,'05_상품별배치367'!$B$7:$B$373,A63) -> 2 | R63: =IF(Z63="",'06_집기치수20'!N13,Z63) -> 865 | S63: =IF(AA63="",'06_집기치수20'!O13,AA63) -> 270 | T63: 220 | U63: =IF(AB63="",'06_집기치수20'!P13,AB63-'06_집기치수20'!I13) -> 200 | V63: =IF(Q63=0,"",IF(COUNTIFS('05_상품별배치367'!$B$7:$B$373,A63,'05_상품별배치367'!$T$7:$T$373,"입력 대기")>0,"",SUMIFS('05_상품별배치367'!$S$7:$S$373,'05_상품별배치367'!$B$7:$B$373,A63))) | W63: =IF(Q63=0,"미진열",IF(COUNTIFS('05_상품별배치367'!$B$7:$B$373,A63,'05_상품별배치367'!$T$7:$T$373,"치수 초과")>0,"치수 초과",IF(COUNTIFS('05_상품별배치367'!$B$7:$B$373,A63,'05_상품별배치367'!$T$7:$T$373,"입력 대기")>0,"치수 입력 대기",IF(V63>R63,"폭 합계 초과","도면/실측 범위 내·현장확인")))) -> 치수 입력 대기 | X63: pd0000106 1F pd0000089 1F | Y63: 선반
A64: B3/S3 | B64: B3 | C64: entry | D64: 3 | E64: 일반약·여행·생활 | F64: 수면 안대 | G64: 여행·생활용품 | H64: 살룸 3D 암막 수면 안대 살룸 초경량 수면 안대 세트 | I64: pd0002110 pd0002112 | J64: 대체 후보는 전체 상품 시트에서 동일 상품군 필터 | K64: 오픈 진열 | N64: 상품명·규격은 원장 보존. 판매 단위·포장 치수·집기 실측 확인 후 배치 확정. | O64: PDF p7 (2026-08-07) + 원본 2526품목; 판매·마진 데이터 없음 | P64: =COUNTIFS('05_상품별배치367'!$B$7:$B$373,A64,'05_상품별배치367'!$K$7:$K$373,">0") -> 2 | Q64: =SUMIFS('05_상품별배치367'!$K$7:$K$373,'05_상품별배치367'!$B$7:$B$373,A64) -> 2 | R64: =IF(Z64="",'06_집기치수20'!N14,Z64) -> 865 | S64: =IF(AA64="",'06_집기치수20'!O14,AA64) -> 270 | T64: 220 | U64: =IF(AB64="",'06_집기치수20'!P14,AB64-'06_집기치수20'!I14) -> 200 | V64: =IF(Q64=0,"",IF(COUNTIFS('05_상품별배치367'!$B$7:$B$373,A64,'05_상품별배치367'!$T$7:$T$373,"입력 대기")>0,"",SUMIFS('05_상품별배치367'!$S$7:$S$373,'05_상품별배치367'!$B$7:$B$373,A64))) | W64: =IF(Q64=0,"미진열",IF(COUNTIFS('05_상품별배치367'!$B$7:$B$373,A64,'05_상품별배치367'!$T$7:$T$373,"치수 초과")>0,"치수 초과",IF(COUNTIFS('05_상품별배치367'!$B$7:$B$373,A64,'05_상품별배치367'!$T$7:$T$373,"입력 대기")>0,"치수 입력 대기",IF(V64>R64,"폭 합계 초과","도면/실측 범위 내·현장확인")))) -> 치수 입력 대기 | X64: pd0002110 1F pd0002112 1F | Y64: 선반
A65: B3/S4 | B65: B3 | C65: entry | D65: 4 | E65: 일반약·여행·생활 | F65: 접이식 여행컵 | G65: 여행·생활용품 | H65: 캐리에어 여행용 접이식 실리콘컵 | I65: pd0002144 | J65: 대체 후보는 전체 상품 시트에서 동일 상품군 필터 | K65: 오픈 진열 | N65: 상품명·규격은 원장 보존. 판매 단위·포장 치수·집기 실측 확인 후 배치 확정. | O65: PDF p7 (2026-08-07) + 원본 2526품목; 판매·마진 데이터 없음 | P65: =COUNTIFS('05_상품별배치367'!$B$7:$B$373,A65,'05_상품별배치367'!$K$7:$K$373,">0") -> 1 | Q65: =SUMIFS('05_상품별배치367'!$K$7:$K$373,'05_상품별배치367'!$B$7:$B$373,A65) -> 1 | R65: =IF(Z65="",'06_집기치수20'!N15,Z65) -> 865 | S65: =IF(AA65="",'06_집기치수20'!O15,AA65) -> 270 | T65: 220 | U65: =IF(AB65="",'06_집기치수20'!P15,AB65-'06_집기치수20'!I15) -> 200 | V65: =IF(Q65=0,"",IF(COUNTIFS('05_상품별배치367'!$B$7:$B$373,A65,'05_상품별배치367'!$T$7:$T$373,"입력 대기")>0,"",SUMIFS('05_상품별배치367'!$S$7:$S$373,'05_상품별배치367'!$B$7:$B$373,A65))) | W65: =IF(Q65=0,"미진열",IF(COUNTIFS('05_상품별배치367'!$B$7:$B$373,A65,'05_상품별배치367'!$T$7:$T$373,"치수 초과")>0,"치수 초과",IF(COUNTIFS('05_상품별배치367'!$B$7:$B$373,A65,'05_상품별배치367'!$T$7:$T$373,"입력 대기")>0,"치수 입력 대기",IF(V65>R65,"폭 합계 초과","도면/실측 범위 내·현장확인")))) -> 치수 입력 대기 | X65: pd0002144 1F | Y65: 선반
A66: B3/S5 | B66: B3 | C66: entry | D66: 5 | E66: 일반약·여행·생활 | F66: 벌레 기피용품 | G66: 마스크·위생 소모품 | H66: 모스세이프가드액 | I66: pd0001868 | J66: 대체 후보는 전체 상품 시트에서 동일 상품군 필터 | K66: 오픈 진열 | N66: 상품명·규격은 원장 보존. 판매 단위·포장 치수·집기 실측 확인 후 배치 확정. | O66: PDF p7 (2026-08-07) + 원본 2526품목; 판매·마진 데이터 없음 | P66: =COUNTIFS('05_상품별배치367'!$B$7:$B$373,A66,'05_상품별배치367'!$K$7:$K$373,">0") -> 1 | Q66: =SUMIFS('05_상품별배치367'!$K$7:$K$373,'05_상품별배치367'!$B$7:$B$373,A66) -> 1 | R66: =IF(Z66="",'06_집기치수20'!N16,Z66) -> 865 | S66: =IF(AA66="",'06_집기치수20'!O16,AA66) -> 270 | T66: 220 | U66: =IF(AB66="",'06_집기치수20'!P16,AB66-'06_집기치수20'!I16) -> 200 | V66: =IF(Q66=0,"",IF(COUNTIFS('05_상품별배치367'!$B$7:$B$373,A66,'05_상품별배치367'!$T$7:$T$373,"입력 대기")>0,"",SUMIFS('05_상품별배치367'!$S$7:$S$373,'05_상품별배치367'!$B$7:$B$373,A66))) | W66: =IF(Q66=0,"미진열",IF(COUNTIFS('05_상품별배치367'!$B$7:$B$373,A66,'05_상품별배치367'!$T$7:$T$373,"치수 초과")>0,"치수 초과",IF(COUNTIFS('05_상품별배치367'!$B$7:$B$373,A66,'05_상품별배치367'!$T$7:$T$373,"입력 대기")>0,"치수 입력 대기",IF(V66>R66,"폭 합계 초과","도면/실측 범위 내·현장확인")))) -> 치수 입력 대기 | X66: pd0001868 1F | Y66: 선반
A67: B4/S1 | B67: B4 | C67: entry | D67: 1 | E67: 추천·상담 안내 | F67: 피부 고민 선택 안내 | G67: 피지·모공 스킨케어 / 톤·브라이트닝 스킨케어 / 장벽·보습 스킨케어 / 진정 스킨케어 / 탄력·주름 스킨케어 | J67: 대체 후보는 전체 상품 시트에서 동일 상품군 필터 | K67: 안내 | N67: 최상단 개구100mm, 계획 상품높이80mm 이하. 낮은 포장 또는 허용된 눕힘 진열만. 초과 시 S2 이하로 재배치. | O67: PDF p7 (2026-08-07) + 원본 2526품목; 판매·마진 데이터 없음 | P67: =COUNTIFS('05_상품별배치367'!$B$7:$B$373,A67,'05_상품별배치367'!$K$7:$K$373,">0") -> 0 | Q67: =SUMIFS('05_상품별배치367'!$K$7:$K$373,'05_상품별배치367'!$B$7:$B$373,A67) -> 0 | R67: =IF(Z67="",'06_집기치수20'!N12,Z67) -> 865 | S67: =IF(AA67="",'06_집기치수20'!O12,AA67) -> 270 | T67: 100 | U67: =IF(AB67="",'06_집기치수20'!P12,AB67-'06_집기치수20'!I12) -> 80 | V67: =IF(Q67=0,"",IF(COUNTIFS('05_상품별배치367'!$B$7:$B$373,A67,'05_상품별배치367'!$T$7:$T$373,"입력 대기")>0,"",SUMIFS('05_상품별배치367'!$S$7:$S$373,'05_상품별배치367'!$B$7:$B$373,A67))) | W67: =IF(Q67=0,"미진열",IF(COUNTIFS('05_상품별배치367'!$B$7:$B$373,A67,'05_상품별배치367'!$T$7:$T$373,"치수 초과")>0,"치수 초과",IF(COUNTIFS('05_상품별배치367'!$B$7:$B$373,A67,'05_상품별배치367'!$T$7:$T$373,"입력 대기")>0,"치수 입력 대기",IF(V67>R67,"폭 합계 초과","도면/실측 범위 내·현장확인")))) -> 미진열 | Y67: 선반
A68: B4/S2 | B68: B4 | C68: entry | D68: 2 | E68: 추천·상담 안내 | F68: A 여드름·피지 / B 톤 | G68: 면포성 여드름 외용제 / 피지·모공 스킨케어 / 기미·색소 외용제 / 톤·브라이트닝 스킨케어 | J68: 대체 후보는 전체 상품 시트에서 동일 상품군 필터 | K68: 안내 | N68: 상품명·규격은 원장 보존. 판매 단위·포장 치수·집기 실측 확인 후 배치 확정. | O68: PDF p7 (2026-08-07) + 원본 2526품목; 판매·마진 데이터 없음 | P68: =COUNTIFS('05_상품별배치367'!$B$7:$B$373,A68,'05_상품별배치367'!$K$7:$K$373,">0") -> 0 | Q68: =SUMIFS('05_상품별배치367'!$K$7:$K$373,'05_상품별배치367'!$B$7:$B$373,A68) -> 0 | R68: =IF(Z68="",'06_집기치수20'!N13,Z68) -> 865 | S68: =IF(AA68="",'06_집기치수20'!O13,AA68) -> 270 | T68: 220 | U68: =IF(AB68="",'06_집기치수20'!P13,AB68-'06_집기치수20'!I13) -> 200 | V68: =IF(Q68=0,"",IF(COUNTIFS('05_상품별배치367'!$B$7:$B$373,A68,'05_상품별배치367'!$T$7:$T$373,"입력 대기")>0,"",SUMIFS('05_상품별배치367'!$S$7:$S$373,'05_상품별배치367'!$B$7:$B$373,A68))) | W68: =IF(Q68=0,"미진열",IF(COUNTIFS('05_상품별배치367'!$B$7:$B$373,A68,'05_상품별배치367'!$T$7:$T$373,"치수 초과")>0,"치수 초과",IF(COUNTIFS('05_상품별배치367'!$B$7:$B$373,A68,'05_상품별배치367'!$T$7:$T$373,"입력 대기")>0,"치수 입력 대기",IF(V68>R68,"폭 합계 초과","도면/실측 범위 내·현장확인")))) -> 미진열 | Y68: 선반
A69: B4/S3 | B69: B4 | C69: entry | D69: 3 | E69: 추천·상담 안내 | F69: C 보습 / D 진정 / E 탄력 | G69: 장벽·보습 스킨케어 / 진정 스킨케어 / 탄력·주름 스킨케어 | J69: 대체 후보는 전체 상품 시트에서 동일 상품군 필터 | K69: 안내 | N69: 상품명·규격은 원장 보존. 판매 단위·포장 치수·집기 실측 확인 후 배치 확정. | O69: PDF p7 (2026-08-07) + 원본 2526품목; 판매·마진 데이터 없음 | P69: =COUNTIFS('05_상품별배치367'!$B$7:$B$373,A69,'05_상품별배치367'!$K$7:$K$373,">0") -> 0 | Q69: =SUMIFS('05_상품별배치367'!$K$7:$K$373,'05_상품별배치367'!$B$7:$B$373,A69) -> 0 | R69: =IF(Z69="",'06_집기치수20'!N14,Z69) -> 865 | S69: =IF(AA69="",'06_집기치수20'!O14,AA69) -> 270 | T69: 220 | U69: =IF(AB69="",'06_집기치수20'!P14,AB69-'06_집기치수20'!I14) -> 200 | V69: =IF(Q69=0,"",IF(COUNTIFS('05_상품별배치367'!$B$7:$B$373,A69,'05_상품별배치367'!$T$7:$T$373,"입력 대기")>0,"",SUMIFS('05_상품별배치367'!$S$7:$S$373,'05_상품별배치367'!$B$7:$B$373,A69))) | W69: =IF(Q69=0,"미진열",IF(COUNTIFS('05_상품별배치367'!$B$7:$B$373,A69,'05_상품별배치367'!$T$7:$T$373,"치수 초과")>0,"치수 초과",IF(COUNTIFS('05_상품별배치367'!$B$7:$B$373,A69,'05_상품별배치367'!$T$7:$T$373,"입력 대기")>0,"치수 입력 대기",IF(V69>R69,"폭 합계 초과","도면/실측 범위 내·현장확인")))) -> 미진열 | Y69: 선반
A70: B4/S4 | B70: B4 | C70: entry | D70: 4 | E70: 추천·상담 안내 | F70: 약사 상담 결과·주 진열 지도 | G70: 면포성 여드름 외용제 / 흉터 외용제 / 기미·색소 외용제 | J70: 대체 후보는 전체 상품 시트에서 동일 상품군 필터 | K70: 안내 | N70: 상품명·규격은 원장 보존. 판매 단위·포장 치수·집기 실측 확인 후 배치 확정. | O70: PDF p7 (2026-08-07) + 원본 2526품목; 판매·마진 데이터 없음 | P70: =COUNTIFS('05_상품별배치367'!$B$7:$B$373,A70,'05_상품별배치367'!$K$7:$K$373,">0") -> 0 | Q70: =SUMIFS('05_상품별배치367'!$K$7:$K$373,'05_상품별배치367'!$B$7:$B$373,A70) -> 0 | R70: =IF(Z70="",'06_집기치수20'!N15,Z70) -> 865 | S70: =IF(AA70="",'06_집기치수20'!O15,AA70) -> 270 | T70: 220 | U70: =IF(AB70="",'06_집기치수20'!P15,AB70-'06_집기치수20'!I15) -> 200 | V70: =IF(Q70=0,"",IF(COUNTIFS('05_상품별배치367'!$B$7:$B$373,A70,'05_상품별배치367'!$T$7:$T$373,"입력 대기")>0,"",SUMIFS('05_상품별배치367'!$S$7:$S$373,'05_상품별배치367'!$B$7:$B$373,A70))) | W70: =IF(Q70=0,"미진열",IF(COUNTIFS('05_상품별배치367'!$B$7:$B$373,A70,'05_상품별배치367'!$T$7:$T$373,"치수 초과")>0,"치수 초과",IF(COUNTIFS('05_상품별배치367'!$B$7:$B$373,A70,'05_상품별배치367'!$T$7:$T$373,"입력 대기")>0,"치수 입력 대기",IF(V70>R70,"폭 합계 초과","도면/실측 범위 내·현장확인")))) -> 미진열 | Y70: 선반
A71: B4/S5 | B71: B4 | C71: entry | D71: 5 | E71: 추천·상담 안내 | F71: 후속 상담 도구 여유 | G71: 면포성 여드름 외용제 / 흉터 외용제 / 기미·색소 외용제 | J71: 대체 후보는 전체 상품 시트에서 동일 상품군 필터 | K71: 안내 | N71: 상품명·규격은 원장 보존. 판매 단위·포장 치수·집기 실측 확인 후 배치 확정. | O71: PDF p7 (2026-08-07) + 원본 2526품목; 판매·마진 데이터 없음 | P71: =COUNTIFS('05_상품별배치367'!$B$7:$B$373,A71,'05_상품별배치367'!$K$7:$K$373,">0") -> 0 | Q71: =SUMIFS('05_상품별배치367'!$K$7:$K$373,'05_상품별배치367'!$B$7:$B$373,A71) -> 0 | R71: =IF(Z71="",'06_집기치수20'!N16,Z71) -> 865 | S71: =IF(AA71="",'06_집기치수20'!O16,AA71) -> 270 | T71: 220 | U71: =IF(AB71="",'06_집기치수20'!P16,AB71-'06_집기치수20'!I16) -> 200 | V71: =IF(Q71=0,"",IF(COUNTIFS('05_상품별배치367'!$B$7:$B$373,A71,'05_상품별배치367'!$T$7:$T$373,"입력 대기")>0,"",SUMIFS('05_상품별배치367'!$S$7:$S$373,'05_상품별배치367'!$B$7:$B$373,A71))) | W71: =IF(Q71=0,"미진열",IF(COUNTIFS('05_상품별배치367'!$B$7:$B$373,A71,'05_상품별배치367'!$T$7:$T$373,"치수 초과")>0,"치수 초과",IF(COUNTIFS('05_상품별배치367'!$B$7:$B$373,A71,'05_상품별배치367'!$T$7:$T$373,"입력 대기")>0,"치수 입력 대기",IF(V71>R71,"폭 합계 초과","도면/실측 범위 내·현장확인")))) -> 미진열 | Y71: 선반
A72: B5/S1 | B72: B5 | C72: entry | D72: 1 | E72: 영양·건강 선물 | F72: 선택 안내 | G72: 비타민C 경구제품 / 멀티비타민·미네랄 / 홍삼 제품 | J72: 대체 후보는 전체 상품 시트에서 동일 상품군 필터 | K72: 안내 | N72: 최상단 개구100mm, 계획 상품높이80mm 이하. 낮은 포장 또는 허용된 눕힘 진열만. 초과 시 S2 이하로 재배치. | O72: PDF p7 (2026-08-07) + 원본 2526품목; 판매·마진 데이터 없음 | P72: =COUNTIFS('05_상품별배치367'!$B$7:$B$373,A72,'05_상품별배치367'!$K$7:$K$373,">0") -> 0 | Q72: =SUMIFS('05_상품별배치367'!$K$7:$K$373,'05_상품별배치367'!$B$7:$B$373,A72) -> 0 | R72: =IF(Z72="",'06_집기치수20'!N12,Z72) -> 865 | S72: =IF(AA72="",'06_집기치수20'!O12,AA72) -> 270 | T72: 100 | U72: =IF(AB72="",'06_집기치수20'!P12,AB72-'06_집기치수20'!I12) -> 80 | V72: =IF(Q72=0,"",IF(COUNTIFS('05_상품별배치367'!$B$7:$B$373,A72,'05_상품별배치367'!$T$7:$T$373,"입력 대기")>0,"",SUMIFS('05_상품별배치367'!$S$7:$S$373,'05_상품별배치367'!$B$7:$B$373,A72))) | W72: =IF(Q72=0,"미진열",IF(COUNTIFS('05_상품별배치367'!$B$7:$B$373,A72,'05_상품별배치367'!$T$7:$T$373,"치수 초과")>0,"치수 초과",IF(COUNTIFS('05_상품별배치367'!$B$7:$B$373,A72,'05_상품별배치367'!$T$7:$T$373,"입력 대기")>0,"치수 입력 대기",IF(V72>R72,"폭 합계 초과","도면/실측 범위 내·현장확인")))) -> 미진열 | Y72: 선반
A73: B5/S2 | B73: B5 | C73: entry | D73: 2 | E73: 영양·건강 선물 | F73: 비타민C 경구제품 | G73: 비타민C 경구제품 | H73: 고려은단 비타민C1000(120T) | I73: pd0002204 | J73: 대체 후보는 전체 상품 시트에서 동일 상품군 필터 | K73: 테마 진열 | N73: 상품명·규격은 원장 보존. 판매 단위·포장 치수·집기 실측 확인 후 배치 확정. | O73: PDF p7 (2026-08-07) + 원본 2526품목; 판매·마진 데이터 없음 | P73: =COUNTIFS('05_상품별배치367'!$B$7:$B$373,A73,'05_상품별배치367'!$K$7:$K$373,">0") -> 1 | Q73: =SUMIFS('05_상품별배치367'!$K$7:$K$373,'05_상품별배치367'!$B$7:$B$373,A73) -> 1 | R73: =IF(Z73="",'06_집기치수20'!N13,Z73) -> 865 | S73: =IF(AA73="",'06_집기치수20'!O13,AA73) -> 270 | T73: 220 | U73: =IF(AB73="",'06_집기치수20'!P13,AB73-'06_집기치수20'!I13) -> 200 | V73: =IF(Q73=0,"",IF(COUNTIFS('05_상품별배치367'!$B$7:$B$373,A73,'05_상품별배치367'!$T$7:$T$373,"입력 대기")>0,"",SUMIFS('05_상품별배치367'!$S$7:$S$373,'05_상품별배치367'!$B$7:$B$373,A73))) | W73: =IF(Q73=0,"미진열",IF(COUNTIFS('05_상품별배치367'!$B$7:$B$373,A73,'05_상품별배치367'!$T$7:$T$373,"치수 초과")>0,"치수 초과",IF(COUNTIFS('05_상품별배치367'!$B$7:$B$373,A73,'05_상품별배치367'!$T$7:$T$373,"입력 대기")>0,"치수 입력 대기",IF(V73>R73,"폭 합계 초과","도면/실측 범위 내·현장확인")))) -> 치수 입력 대기 | X73: pd0002204 1F | Y73: 선반
A74: B5/S3 | B74: B5 | C74: entry | D74: 3 | E74: 영양·건강 선물 | F74: 콜라겐·이너뷰티 | G74: 콜라겐·이너뷰티 | H74: 에버콜라겐 타임 레티놀 A | I74: pd0000001 | J74: 대체 후보는 전체 상품 시트에서 동일 상품군 필터 | K74: 테마 진열 | N74: 상품명·규격은 원장 보존. 판매 단위·포장 치수·집기 실측 확인 후 배치 확정. | O74: PDF p7 (2026-08-07) + 원본 2526품목; 판매·마진 데이터 없음 | P74: =COUNTIFS('05_상품별배치367'!$B$7:$B$373,A74,'05_상품별배치367'!$K$7:$K$373,">0") -> 1 | Q74: =SUMIFS('05_상품별배치367'!$K$7:$K$373,'05_상품별배치367'!$B$7:$B$373,A74) -> 1 | R74: =IF(Z74="",'06_집기치수20'!N14,Z74) -> 865 | S74: =IF(AA74="",'06_집기치수20'!O14,AA74) -> 270 | T74: 220 | U74: =IF(AB74="",'06_집기치수20'!P14,AB74-'06_집기치수20'!I14) -> 200 | V74: =IF(Q74=0,"",IF(COUNTIFS('05_상품별배치367'!$B$7:$B$373,A74,'05_상품별배치367'!$T$7:$T$373,"입력 대기")>0,"",SUMIFS('05_상품별배치367'!$S$7:$S$373,'05_상품별배치367'!$B$7:$B$373,A74))) | W74: =IF(Q74=0,"미진열",IF(COUNTIFS('05_상품별배치367'!$B$7:$B$373,A74,'05_상품별배치367'!$T$7:$T$373,"치수 초과")>0,"치수 초과",IF(COUNTIFS('05_상품별배치367'!$B$7:$B$373,A74,'05_상품별배치367'!$T$7:$T$373,"입력 대기")>0,"치수 입력 대기",IF(V74>R74,"폭 합계 초과","도면/실측 범위 내·현장확인")))) -> 치수 입력 대기 | X74: pd0000001 1F | Y74: 선반
A75: B5/S4 | B75: B5 | C75: entry | D75: 4 | E75: 영양·건강 선물 | F75: 홍삼 제품 | G75: 홍삼 제품 | H75: 정원삼 6년근 고려홍삼정365스틱 | I75: pd0002059 | J75: 대체 후보는 전체 상품 시트에서 동일 상품군 필터 | K75: 테마 진열 | N75: 상품명·규격은 원장 보존. 판매 단위·포장 치수·집기 실측 확인 후 배치 확정. | O75: PDF p7 (2026-08-07) + 원본 2526품목; 판매·마진 데이터 없음 | P75: =COUNTIFS('05_상품별배치367'!$B$7:$B$373,A75,'05_상품별배치367'!$K$7:$K$373,">0") -> 1 | Q75: =SUMIFS('05_상품별배치367'!$K$7:$K$373,'05_상품별배치367'!$B$7:$B$373,A75) -> 1 | R75: =IF(Z75="",'06_집기치수20'!N15,Z75) -> 865 | S75: =IF(AA75="",'06_집기치수20'!O15,AA75) -> 270 | T75: 220 | U75: =IF(AB75="",'06_집기치수20'!P15,AB75-'06_집기치수20'!I15) -> 200 | V75: =IF(Q75=0,"",IF(COUNTIFS('05_상품별배치367'!$B$7:$B$373,A75,'05_상품별배치367'!$T$7:$T$373,"입력 대기")>0,"",SUMIFS('05_상품별배치367'!$S$7:$S$373,'05_상품별배치367'!$B$7:$B$373,A75))) | W75: =IF(Q75=0,"미진열",IF(COUNTIFS('05_상품별배치367'!$B$7:$B$373,A75,'05_상품별배치367'!$T$7:$T$373,"치수 초과")>0,"치수 초과",IF(COUNTIFS('05_상품별배치367'!$B$7:$B$373,A75,'05_상품별배치367'!$T$7:$T$373,"입력 대기")>0,"치수 입력 대기",IF(V75>R75,"폭 합계 초과","도면/실측 범위 내·현장확인")))) -> 치수 입력 대기 | X75: pd0002059 1F | Y75: 선반
A76: B5/S5 | B76: B5 | C76: entry | D76: 5 | E76: 영양·건강 선물 | F76: 추가 도입 여유 | G76: 안내·교체 여유 | J76: 대체 후보는 전체 상품 시트에서 동일 상품군 필터 | K76: 확장 여유 | N76: 상품명·규격은 원장 보존. 판매 단위·포장 치수·집기 실측 확인 후 배치 확정. | O76: PDF p7 (2026-08-07) + 원본 2526품목; 판매·마진 데이터 없음 | P76: =COUNTIFS('05_상품별배치367'!$B$7:$B$373,A76,'05_상품별배치367'!$K$7:$K$373,">0") -> 0 | Q76: =SUMIFS('05_상품별배치367'!$K$7:$K$373,'05_상품별배치367'!$B$7:$B$373,A76) -> 0 | R76: =IF(Z76="",'06_집기치수20'!N16,Z76) -> 865 | S76: =IF(AA76="",'06_집기치수20'!O16,AA76) -> 270 | T76: 220 | U76: =IF(AB76="",'06_집기치수20'!P16,AB76-'06_집기치수20'!I16) -> 200 | V76: =IF(Q76=0,"",IF(COUNTIFS('05_상품별배치367'!$B$7:$B$373,A76,'05_상품별배치367'!$T$7:$T$373,"입력 대기")>0,"",SUMIFS('05_상품별배치367'!$S$7:$S$373,'05_상품별배치367'!$B$7:$B$373,A76))) | W76: =IF(Q76=0,"미진열",IF(COUNTIFS('05_상품별배치367'!$B$7:$B$373,A76,'05_상품별배치367'!$T$7:$T$373,"치수 초과")>0,"치수 초과",IF(COUNTIFS('05_상품별배치367'!$B$7:$B$373,A76,'05_상품별배치367'!$T$7:$T$373,"입력 대기")>0,"치수 입력 대기",IF(V76>R76,"폭 합계 초과","도면/실측 범위 내·현장확인")))) -> 미진열 | Y76: 선반
A77: B6/S1 | B77: B6 | C77: entry | D77: 1 | E77: 더마·세정·선케어 | F77: 선택 안내 | G77: PDRN 스킨케어 | J77: 대체 후보는 전체 상품 시트에서 동일 상품군 필터 | K77: 안내 | N77: 최상단 개구100mm, 계획 상품높이80mm 이하. 낮은 포장 또는 허용된 눕힘 진열만. 초과 시 S2 이하로 재배치. | O77: PDF p7 (2026-08-07) + 원본 2526품목; 판매·마진 데이터 없음 | P77: =COUNTIFS('05_상품별배치367'!$B$7:$B$373,A77,'05_상품별배치367'!$K$7:$K$373,">0") -> 0 | Q77: =SUMIFS('05_상품별배치367'!$K$7:$K$373,'05_상품별배치367'!$B$7:$B$373,A77) -> 0 | R77: =IF(Z77="",'06_집기치수20'!N12,Z77) -> 865 | S77: =IF(AA77="",'06_집기치수20'!O12,AA77) -> 270 | T77: 100 | U77: =IF(AB77="",'06_집기치수20'!P12,AB77-'06_집기치수20'!I12) -> 80 | V77: =IF(Q77=0,"",IF(COUNTIFS('05_상품별배치367'!$B$7:$B$373,A77,'05_상품별배치367'!$T$7:$T$373,"입력 대기")>0,"",SUMIFS('05_상품별배치367'!$S$7:$S$373,'05_상품별배치367'!$B$7:$B$373,A77))) | W77: =IF(Q77=0,"미진열",IF(COUNTIFS('05_상품별배치367'!$B$7:$B$373,A77,'05_상품별배치367'!$T$7:$T$373,"치수 초과")>0,"치수 초과",IF(COUNTIFS('05_상품별배치367'!$B$7:$B$373,A77,'05_상품별배치367'!$T$7:$T$373,"입력 대기")>0,"치수 입력 대기",IF(V77>R77,"폭 합계 초과","도면/실측 범위 내·현장확인")))) -> 미진열 | Y77: 선반
A78: B6/S2 | B78: B6 | C78: entry | D78: 2 | E78: 더마·세정·선케어 | F78: PDRN 스킨케어 | G78: PDRN 스킨케어 | H78: (리쥬올)PDRN리쥬비네이팅크림 | I78: pd0002347 | J78: 대체 후보는 전체 상품 시트에서 동일 상품군 필터 | K78: 테마 진열 | N78: 상품명·규격은 원장 보존. 판매 단위·포장 치수·집기 실측 확인 후 배치 확정. | O78: PDF p7 (2026-08-07) + 원본 2526품목; 판매·마진 데이터 없음 | P78: =COUNTIFS('05_상품별배치367'!$B$7:$B$373,A78,'05_상품별배치367'!$K$7:$K$373,">0") -> 1 | Q78: =SUMIFS('05_상품별배치367'!$K$7:$K$373,'05_상품별배치367'!$B$7:$B$373,A78) -> 1 | R78: =IF(Z78="",'06_집기치수20'!N13,Z78) -> 865 | S78: =IF(AA78="",'06_집기치수20'!O13,AA78) -> 270 | T78: 220 | U78: =IF(AB78="",'06_집기치수20'!P13,AB78-'06_집기치수20'!I13) -> 200 | V78: =IF(Q78=0,"",IF(COUNTIFS('05_상품별배치367'!$B$7:$B$373,A78,'05_상품별배치367'!$T$7:$T$373,"입력 대기")>0,"",SUMIFS('05_상품별배치367'!$S$7:$S$373,'05_상품별배치367'!$B$7:$B$373,A78))) | W78: =IF(Q78=0,"미진열",IF(COUNTIFS('05_상품별배치367'!$B$7:$B$373,A78,'05_상품별배치367'!$T$7:$T$373,"치수 초과")>0,"치수 초과",IF(COUNTIFS('05_상품별배치367'!$B$7:$B$373,A78,'05_상품별배치367'!$T$7:$T$373,"입력 대기")>0,"치수 입력 대기",IF(V78>R78,"폭 합계 초과","도면/실측 범위 내·현장확인")))) -> 치수 입력 대기 | X78: pd0002347 1F | Y78: 선반
A79: B6/S3 | B79: B6 | C79: entry | D79: 3 | E79: 더마·세정·선케어 | F79: PDRN 스킨케어 | G79: PDRN 스킨케어 | H79: 리쥬비에스 | I79: pd0001847 | J79: 대체 후보는 전체 상품 시트에서 동일 상품군 필터 | K79: 테마 진열 | N79: 상품명·규격은 원장 보존. 판매 단위·포장 치수·집기 실측 확인 후 배치 확정. | O79: PDF p7 (2026-08-07) + 원본 2526품목; 판매·마진 데이터 없음 | P79: =COUNTIFS('05_상품별배치367'!$B$7:$B$373,A79,'05_상품별배치367'!$K$7:$K$373,">0") -> 1 | Q79: =SUMIFS('05_상품별배치367'!$K$7:$K$373,'05_상품별배치367'!$B$7:$B$373,A79) -> 1 | R79: =IF(Z79="",'06_집기치수20'!N14,Z79) -> 865 | S79: =IF(AA79="",'06_집기치수20'!O14,AA79) -> 270 | T79: 220 | U79: =IF(AB79="",'06_집기치수20'!P14,AB79-'06_집기치수20'!I14) -> 200 | V79: =IF(Q79=0,"",IF(COUNTIFS('05_상품별배치367'!$B$7:$B$373,A79,'05_상품별배치367'!$T$7:$T$373,"입력 대기")>0,"",SUMIFS('05_상품별배치367'!$S$7:$S$373,'05_상품별배치367'!$B$7:$B$373,A79))) | W79: =IF(Q79=0,"미진열",IF(COUNTIFS('05_상품별배치367'!$B$7:$B$373,A79,'05_상품별배치367'!$T$7:$T$373,"치수 초과")>0,"치수 초과",IF(COUNTIFS('05_상품별배치367'!$B$7:$B$373,A79,'05_상품별배치367'!$T$7:$T$373,"입력 대기")>0,"치수 입력 대기",IF(V79>R79,"폭 합계 초과","도면/실측 범위 내·현장확인")))) -> 치수 입력 대기 | X79: pd0001847 1F | Y79: 선반
A80: B6/S4 | B80: B6 | C80: entry | D80: 4 | E80: 더마·세정·선케어 | F80: PDRN 스킨케어 | G80: PDRN 스킨케어 | H80: 리쥬란 턴오버 마스크 | I80: pd0002332 | J80: 대체 후보는 전체 상품 시트에서 동일 상품군 필터 | K80: 테마 진열 | N80: 상품명·규격은 원장 보존. 판매 단위·포장 치수·집기 실측 확인 후 배치 확정. | O80: PDF p7 (2026-08-07) + 원본 2526품목; 판매·마진 데이터 없음 | P80: =COUNTIFS('05_상품별배치367'!$B$7:$B$373,A80,'05_상품별배치367'!$K$7:$K$373,">0") -> 1 | Q80: =SUMIFS('05_상품별배치367'!$K$7:$K$373,'05_상품별배치367'!$B$7:$B$373,A80) -> 1 | R80: =IF(Z80="",'06_집기치수20'!N15,Z80) -> 865 | S80: =IF(AA80="",'06_집기치수20'!O15,AA80) -> 270 | T80: 220 | U80: =IF(AB80="",'06_집기치수20'!P15,AB80-'06_집기치수20'!I15) -> 200 | V80: =IF(Q80=0,"",IF(COUNTIFS('05_상품별배치367'!$B$7:$B$373,A80,'05_상품별배치367'!$T$7:$T$373,"입력 대기")>0,"",SUMIFS('05_상품별배치367'!$S$7:$S$373,'05_상품별배치367'!$B$7:$B$373,A80))) | W80: =IF(Q80=0,"미진열",IF(COUNTIFS('05_상품별배치367'!$B$7:$B$373,A80,'05_상품별배치367'!$T$7:$T$373,"치수 초과")>0,"치수 초과",IF(COUNTIFS('05_상품별배치367'!$B$7:$B$373,A80,'05_상품별배치367'!$T$7:$T$373,"입력 대기")>0,"치수 입력 대기",IF(V80>R80,"폭 합계 초과","도면/실측 범위 내·현장확인")))) -> 치수 입력 대기 | X80: pd0002332 1F | Y80: 선반
A81: B6/S5 | B81: B6 | C81: entry | D81: 5 | E81: 더마·세정·선케어 | F81: 추가 도입 여유 | G81: 안내·교체 여유 | J81: 대체 후보는 전체 상품 시트에서 동일 상품군 필터 | K81: 확장 여유 | N81: 상품명·규격은 원장 보존. 판매 단위·포장 치수·집기 실측 확인 후 배치 확정. | O81: PDF p7 (2026-08-07) + 원본 2526품목; 판매·마진 데이터 없음 | P81: =COUNTIFS('05_상품별배치367'!$B$7:$B$373,A81,'05_상품별배치367'!$K$7:$K$373,">0") -> 0 | Q81: =SUMIFS('05_상품별배치367'!$K$7:$K$373,'05_상품별배치367'!$B$7:$B$373,A81) -> 0 | R81: =IF(Z81="",'06_집기치수20'!N16,Z81) -> 865 | S81: =IF(AA81="",'06_집기치수20'!O16,AA81) -> 270 | T81: 220 | U81: =IF(AB81="",'06_집기치수20'!P16,AB81-'06_집기치수20'!I16) -> 200 | V81: =IF(Q81=0,"",IF(COUNTIFS('05_상품별배치367'!$B$7:$B$373,A81,'05_상품별배치367'!$T$7:$T$373,"입력 대기")>0,"",SUMIFS('05_상품별배치367'!$S$7:$S$373,'05_상품별배치367'!$B$7:$B$373,A81))) | W81: =IF(Q81=0,"미진열",IF(COUNTIFS('05_상품별배치367'!$B$7:$B$373,A81,'05_상품별배치367'!$T$7:$T$373,"치수 초과")>0,"치수 초과",IF(COUNTIFS('05_상품별배치367'!$B$7:$B$373,A81,'05_상품별배치367'!$T$7:$T$373,"입력 대기")>0,"치수 입력 대기",IF(V81>R81,"폭 합계 초과","도면/실측 범위 내·현장확인")))) -> 미진열 | Y81: 선반
A82: B7/S1 | B82: B7 | C82: entry | D82: 1 | E82: 더마·세정·선케어 | F82: 선택 안내 | G82: 장벽·보습 스킨케어 / 진정 스킨케어 / 수분 스킨케어 | J82: 대체 후보는 전체 상품 시트에서 동일 상품군 필터 | K82: 안내 | N82: 최상단 개구100mm, 계획 상품높이80mm 이하. 낮은 포장 또는 허용된 눕힘 진열만. 초과 시 S2 이하로 재배치. | O82: PDF p7 (2026-08-07) + 원본 2526품목; 판매·마진 데이터 없음 | P82: =COUNTIFS('05_상품별배치367'!$B$7:$B$373,A82,'05_상품별배치367'!$K$7:$K$373,">0") -> 0 | Q82: =SUMIFS('05_상품별배치367'!$K$7:$K$373,'05_상품별배치367'!$B$7:$B$373,A82) -> 0 | R82: =IF(Z82="",'06_집기치수20'!N12,Z82) -> 865 | S82: =IF(AA82="",'06_집기치수20'!O12,AA82) -> 270 | T82: 100 | U82: =IF(AB82="",'06_집기치수20'!P12,AB82-'06_집기치수20'!I12) -> 80 | V82: =IF(Q82=0,"",IF(COUNTIFS('05_상품별배치367'!$B$7:$B$373,A82,'05_상품별배치367'!$T$7:$T$373,"입력 대기")>0,"",SUMIFS('05_상품별배치367'!$S$7:$S$373,'05_상품별배치367'!$B$7:$B$373,A82))) | W82: =IF(Q82=0,"미진열",IF(COUNTIFS('05_상품별배치367'!$B$7:$B$373,A82,'05_상품별배치367'!$T$7:$T$373,"치수 초과")>0,"치수 초과",IF(COUNTIFS('05_상품별배치367'!$B$7:$B$373,A82,'05_상품별배치367'!$T$7:$T$373,"입력 대기")>0,"치수 입력 대기",IF(V82>R82,"폭 합계 초과","도면/실측 범위 내·현장확인")))) -> 미진열 | Y82: 선반
A83: B7/S2 | B83: B7 | C83: entry | D83: 2 | E83: 더마·세정·선케어 | F83: 장벽·보습 스킨케어 | G83: 장벽·보습 스킨케어 | H83: 닥터리쥬올-세라마이드 베리어 크림 | I83: pd0002339 | J83: 대체 후보는 전체 상품 시트에서 동일 상품군 필터 | K83: 테마 진열 | N83: 상품명·규격은 원장 보존. 판매 단위·포장 치수·집기 실측 확인 후 배치 확정. | O83: PDF p7 (2026-08-07) + 원본 2526품목; 판매·마진 데이터 없음 | P83: =COUNTIFS('05_상품별배치367'!$B$7:$B$373,A83,'05_상품별배치367'!$K$7:$K$373,">0") -> 1 | Q83: =SUMIFS('05_상품별배치367'!$K$7:$K$373,'05_상품별배치367'!$B$7:$B$373,A83) -> 1 | R83: =IF(Z83="",'06_집기치수20'!N13,Z83) -> 865 | S83: =IF(AA83="",'06_집기치수20'!O13,AA83) -> 270 | T83: 220 | U83: =IF(AB83="",'06_집기치수20'!P13,AB83-'06_집기치수20'!I13) -> 200 | V83: =IF(Q83=0,"",IF(COUNTIFS('05_상품별배치367'!$B$7:$B$373,A83,'05_상품별배치367'!$T$7:$T$373,"입력 대기")>0,"",SUMIFS('05_상품별배치367'!$S$7:$S$373,'05_상품별배치367'!$B$7:$B$373,A83))) | W83: =IF(Q83=0,"미진열",IF(COUNTIFS('05_상품별배치367'!$B$7:$B$373,A83,'05_상품별배치367'!$T$7:$T$373,"치수 초과")>0,"치수 초과",IF(COUNTIFS('05_상품별배치367'!$B$7:$B$373,A83,'05_상품별배치367'!$T$7:$T$373,"입력 대기")>0,"치수 입력 대기",IF(V83>R83,"폭 합계 초과","도면/실측 범위 내·현장확인")))) -> 치수 입력 대기 | X83: pd0002339 1F | Y83: 선반
A84: B7/S3 | B84: B7 | C84: entry | D84: 3 | E84: 더마·세정·선케어 | F84: 진정 스킨케어 | G84: 진정 스킨케어 | H84: 테카플러스포뮬러 페이셜 리페어 크림 | I84: pd0002547 | J84: 대체 후보는 전체 상품 시트에서 동일 상품군 필터 | K84: 테마 진열 | N84: 상품명·규격은 원장 보존. 판매 단위·포장 치수·집기 실측 확인 후 배치 확정. | O84: PDF p7 (2026-08-07) + 원본 2526품목; 판매·마진 데이터 없음 | P84: =COUNTIFS('05_상품별배치367'!$B$7:$B$373,A84,'05_상품별배치367'!$K$7:$K$373,">0") -> 1 | Q84: =SUMIFS('05_상품별배치367'!$K$7:$K$373,'05_상품별배치367'!$B$7:$B$373,A84) -> 1 | R84: =IF(Z84="",'06_집기치수20'!N14,Z84) -> 865 | S84: =IF(AA84="",'06_집기치수20'!O14,AA84) -> 270 | T84: 220 | U84: =IF(AB84="",'06_집기치수20'!P14,AB84-'06_집기치수20'!I14) -> 200 | V84: =IF(Q84=0,"",IF(COUNTIFS('05_상품별배치367'!$B$7:$B$373,A84,'05_상품별배치367'!$T$7:$T$373,"입력 대기")>0,"",SUMIFS('05_상품별배치367'!$S$7:$S$373,'05_상품별배치367'!$B$7:$B$373,A84))) | W84: =IF(Q84=0,"미진열",IF(COUNTIFS('05_상품별배치367'!$B$7:$B$373,A84,'05_상품별배치367'!$T$7:$T$373,"치수 초과")>0,"치수 초과",IF(COUNTIFS('05_상품별배치367'!$B$7:$B$373,A84,'05_상품별배치367'!$T$7:$T$373,"입력 대기")>0,"치수 입력 대기",IF(V84>R84,"폭 합계 초과","도면/실측 범위 내·현장확인")))) -> 치수 입력 대기 | X84: pd0002547 1F | Y84: 선반
A85: B7/S4 | B85: B7 | C85: entry | D85: 4 | E85: 더마·세정·선케어 | F85: 수분 스킨케어 | G85: 수분 스킨케어 | H85: 비플레인 아쿠아 퓨어 히알루로닉 크림 | I85: pd0002276 | J85: 대체 후보는 전체 상품 시트에서 동일 상품군 필터 | K85: 테마 진열 | N85: 상품명·규격은 원장 보존. 판매 단위·포장 치수·집기 실측 확인 후 배치 확정. | O85: PDF p7 (2026-08-07) + 원본 2526품목; 판매·마진 데이터 없음 | P85: =COUNTIFS('05_상품별배치367'!$B$7:$B$373,A85,'05_상품별배치367'!$K$7:$K$373,">0") -> 1 | Q85: =SUMIFS('05_상품별배치367'!$K$7:$K$373,'05_상품별배치367'!$B$7:$B$373,A85) -> 1 | R85: =IF(Z85="",'06_집기치수20'!N15,Z85) -> 865 | S85: =IF(AA85="",'06_집기치수20'!O15,AA85) -> 270 | T85: 220 | U85: =IF(AB85="",'06_집기치수20'!P15,AB85-'06_집기치수20'!I15) -> 200 | V85: =IF(Q85=0,"",IF(COUNTIFS('05_상품별배치367'!$B$7:$B$373,A85,'05_상품별배치367'!$T$7:$T$373,"입력 대기")>0,"",SUMIFS('05_상품별배치367'!$S$7:$S$373,'05_상품별배치367'!$B$7:$B$373,A85))) | W85: =IF(Q85=0,"미진열",IF(COUNTIFS('05_상품별배치367'!$B$7:$B$373,A85,'05_상품별배치367'!$T$7:$T$373,"치수 초과")>0,"치수 초과",IF(COUNTIFS('05_상품별배치367'!$B$7:$B$373,A85,'05_상품별배치367'!$T$7:$T$373,"입력 대기")>0,"치수 입력 대기",IF(V85>R85,"폭 합계 초과","도면/실측 범위 내·현장확인")))) -> 치수 입력 대기 | X85: pd0002276 1F | Y85: 선반
A86: B7/S5 | B86: B7 | C86: entry | D86: 5 | E86: 더마·세정·선케어 | F86: 추가 도입 여유 | G86: 안내·교체 여유 | J86: 대체 후보는 전체 상품 시트에서 동일 상품군 필터 | K86: 확장 여유 | N86: 상품명·규격은 원장 보존. 판매 단위·포장 치수·집기 실측 확인 후 배치 확정. | O86: PDF p7 (2026-08-07) + 원본 2526품목; 판매·마진 데이터 없음 | P86: =COUNTIFS('05_상품별배치367'!$B$7:$B$373,A86,'05_상품별배치367'!$K$7:$K$373,">0") -> 0 | Q86: =SUMIFS('05_상품별배치367'!$K$7:$K$373,'05_상품별배치367'!$B$7:$B$373,A86) -> 0 | R86: =IF(Z86="",'06_집기치수20'!N16,Z86) -> 865 | S86: =IF(AA86="",'06_집기치수20'!O16,AA86) -> 270 | T86: 220 | U86: =IF(AB86="",'06_집기치수20'!P16,AB86-'06_집기치수20'!I16) -> 200 | V86: =IF(Q86=0,"",IF(COUNTIFS('05_상품별배치367'!$B$7:$B$373,A86,'05_상품별배치367'!$T$7:$T$373,"입력 대기")>0,"",SUMIFS('05_상품별배치367'!$S$7:$S$373,'05_상품별배치367'!$B$7:$B$373,A86))) | W86: =IF(Q86=0,"미진열",IF(COUNTIFS('05_상품별배치367'!$B$7:$B$373,A86,'05_상품별배치367'!$T$7:$T$373,"치수 초과")>0,"치수 초과",IF(COUNTIFS('05_상품별배치367'!$B$7:$B$373,A86,'05_상품별배치367'!$T$7:$T$373,"입력 대기")>0,"치수 입력 대기",IF(V86>R86,"폭 합계 초과","도면/실측 범위 내·현장확인")))) -> 미진열 | Y86: 선반
A87: B8/S1 | B87: B8 | C87: entry | D87: 1 | E87: 추천·상담 안내 | F87: 시험 브랜드·기간 안내 | G87: 신성분 스킨케어 | J87: 대체 후보는 전체 상품 시트에서 동일 상품군 필터 | K87: 안내 | N87: 최상단 개구100mm, 계획 상품높이80mm 이하. 낮은 포장 또는 허용된 눕힘 진열만. 초과 시 S2 이하로 재배치. | O87: PDF p7 (2026-08-07) + 원본 2526품목; 판매·마진 데이터 없음 | P87: =COUNTIFS('05_상품별배치367'!$B$7:$B$373,A87,'05_상품별배치367'!$K$7:$K$373,">0") -> 0 | Q87: =SUMIFS('05_상품별배치367'!$K$7:$K$373,'05_상품별배치367'!$B$7:$B$373,A87) -> 0 | R87: =IF(Z87="",'06_집기치수20'!N12,Z87) -> 865 | S87: =IF(AA87="",'06_집기치수20'!O12,AA87) -> 270 | T87: 100 | U87: =IF(AB87="",'06_집기치수20'!P12,AB87-'06_집기치수20'!I12) -> 80 | V87: =IF(Q87=0,"",IF(COUNTIFS('05_상품별배치367'!$B$7:$B$373,A87,'05_상품별배치367'!$T$7:$T$373,"입력 대기")>0,"",SUMIFS('05_상품별배치367'!$S$7:$S$373,'05_상품별배치367'!$B$7:$B$373,A87))) | W87: =IF(Q87=0,"미진열",IF(COUNTIFS('05_상품별배치367'!$B$7:$B$373,A87,'05_상품별배치367'!$T$7:$T$373,"치수 초과")>0,"치수 초과",IF(COUNTIFS('05_상품별배치367'!$B$7:$B$373,A87,'05_상품별배치367'!$T$7:$T$373,"입력 대기")>0,"치수 입력 대기",IF(V87>R87,"폭 합계 초과","도면/실측 범위 내·현장확인")))) -> 미진열 | Y87: 선반
A88: B8/S2 | B88: B8 | C88: entry | D88: 2 | E88: 추천·상담 안내 | F88: 톰 CPR 세럼 시험 | G88: 신성분 스킨케어 | H88: 톰 CPR 트리플 시너지 링클케어 세럼 (30ml) | I88: pd0001730 | J88: 대체 후보는 전체 상품 시트에서 동일 상품군 필터 | K88: 시험 진열 | N88: 상품명·규격은 원장 보존. 판매 단위·포장 치수·집기 실측 확인 후 배치 확정. | O88: PDF p7 (2026-08-07) + 원본 2526품목; 판매·마진 데이터 없음 | P88: =COUNTIFS('05_상품별배치367'!$B$7:$B$373,A88,'05_상품별배치367'!$K$7:$K$373,">0") -> 1 | Q88: =SUMIFS('05_상품별배치367'!$K$7:$K$373,'05_상품별배치367'!$B$7:$B$373,A88) -> 1 | R88: =IF(Z88="",'06_집기치수20'!N13,Z88) -> 865 | S88: =IF(AA88="",'06_집기치수20'!O13,AA88) -> 270 | T88: 220 | U88: =IF(AB88="",'06_집기치수20'!P13,AB88-'06_집기치수20'!I13) -> 200 | V88: =IF(Q88=0,"",IF(COUNTIFS('05_상품별배치367'!$B$7:$B$373,A88,'05_상품별배치367'!$T$7:$T$373,"입력 대기")>0,"",SUMIFS('05_상품별배치367'!$S$7:$S$373,'05_상품별배치367'!$B$7:$B$373,A88))) | W88: =IF(Q88=0,"미진열",IF(COUNTIFS('05_상품별배치367'!$B$7:$B$373,A88,'05_상품별배치367'!$T$7:$T$373,"치수 초과")>0,"치수 초과",IF(COUNTIFS('05_상품별배치367'!$B$7:$B$373,A88,'05_상품별배치367'!$T$7:$T$373,"입력 대기")>0,"치수 입력 대기",IF(V88>R88,"폭 합계 초과","도면/실측 범위 내·현장확인")))) -> 치수 입력 대기 | X88: pd0001730 1F | Y88: 선반
A89: B8/S3 | B89: B8 | C89: entry | D89: 3 | E89: 추천·상담 안내 | F89: 톰 NMN 세럼 시험 | G89: 신성분 스킨케어 | H89: 톰 NMN 10X 포텐좀 모공 리프팅 세럼 (30ml) | I89: pd0001733 | J89: 대체 후보는 전체 상품 시트에서 동일 상품군 필터 | K89: 시험 진열 | N89: 상품명·규격은 원장 보존. 판매 단위·포장 치수·집기 실측 확인 후 배치 확정. | O89: PDF p7 (2026-08-07) + 원본 2526품목; 판매·마진 데이터 없음 | P89: =COUNTIFS('05_상품별배치367'!$B$7:$B$373,A89,'05_상품별배치367'!$K$7:$K$373,">0") -> 1 | Q89: =SUMIFS('05_상품별배치367'!$K$7:$K$373,'05_상품별배치367'!$B$7:$B$373,A89) -> 1 | R89: =IF(Z89="",'06_집기치수20'!N14,Z89) -> 865 | S89: =IF(AA89="",'06_집기치수20'!O14,AA89) -> 270 | T89: 220 | U89: =IF(AB89="",'06_집기치수20'!P14,AB89-'06_집기치수20'!I14) -> 200 | V89: =IF(Q89=0,"",IF(COUNTIFS('05_상품별배치367'!$B$7:$B$373,A89,'05_상품별배치367'!$T$7:$T$373,"입력 대기")>0,"",SUMIFS('05_상품별배치367'!$S$7:$S$373,'05_상품별배치367'!$B$7:$B$373,A89))) | W89: =IF(Q89=0,"미진열",IF(COUNTIFS('05_상품별배치367'!$B$7:$B$373,A89,'05_상품별배치367'!$T$7:$T$373,"치수 초과")>0,"치수 초과",IF(COUNTIFS('05_상품별배치367'!$B$7:$B$373,A89,'05_상품별배치367'!$T$7:$T$373,"입력 대기")>0,"치수 입력 대기",IF(V89>R89,"폭 합계 초과","도면/실측 범위 내·현장확인")))) -> 치수 입력 대기 | X89: pd0001733 1F | Y89: 선반
A90: B8/S4 | B90: B8 | C90: entry | D90: 4 | E90: 추천·상담 안내 | F90: 톰 NMN 크림 시험 | G90: 신성분 스킨케어 | H90: 톰 NMN 10X 포텐좀 모공 리프팅 크림 (60ml) | I90: pd0001734 | J90: 대체 후보는 전체 상품 시트에서 동일 상품군 필터 | K90: 시험 진열 | N90: 상품명·규격은 원장 보존. 판매 단위·포장 치수·집기 실측 확인 후 배치 확정. | O90: PDF p7 (2026-08-07) + 원본 2526품목; 판매·마진 데이터 없음 | P90: =COUNTIFS('05_상품별배치367'!$B$7:$B$373,A90,'05_상품별배치367'!$K$7:$K$373,">0") -> 1 | Q90: =SUMIFS('05_상품별배치367'!$K$7:$K$373,'05_상품별배치367'!$B$7:$B$373,A90) -> 1 | R90: =IF(Z90="",'06_집기치수20'!N15,Z90) -> 865 | S90: =IF(AA90="",'06_집기치수20'!O15,AA90) -> 270 | T90: 220 | U90: =IF(AB90="",'06_집기치수20'!P15,AB90-'06_집기치수20'!I15) -> 200 | V90: =IF(Q90=0,"",IF(COUNTIFS('05_상품별배치367'!$B$7:$B$373,A90,'05_상품별배치367'!$T$7:$T$373,"입력 대기")>0,"",SUMIFS('05_상품별배치367'!$S$7:$S$373,'05_상품별배치367'!$B$7:$B$373,A90))) | W90: =IF(Q90=0,"미진열",IF(COUNTIFS('05_상품별배치367'!$B$7:$B$373,A90,'05_상품별배치367'!$T$7:$T$373,"치수 초과")>0,"치수 초과",IF(COUNTIFS('05_상품별배치367'!$B$7:$B$373,A90,'05_상품별배치367'!$T$7:$T$373,"입력 대기")>0,"치수 입력 대기",IF(V90>R90,"폭 합계 초과","도면/실측 범위 내·현장확인")))) -> 치수 입력 대기 | X90: pd0001734 1F | Y90: 선반
A91: B8/S5 | B91: B8 | C91: entry | D91: 5 | E91: 추천·상담 안내 | F91: 다음 브랜드 시험 여유 | G91: 안내·교체 여유 | J91: 대체 후보는 전체 상품 시트에서 동일 상품군 필터 | K91: 확장 여유 | N91: 상품명·규격은 원장 보존. 판매 단위·포장 치수·집기 실측 확인 후 배치 확정. | O91: PDF p7 (2026-08-07) + 원본 2526품목; 판매·마진 데이터 없음 | P91: =COUNTIFS('05_상품별배치367'!$B$7:$B$373,A91,'05_상품별배치367'!$K$7:$K$373,">0") -> 0 | Q91: =SUMIFS('05_상품별배치367'!$K$7:$K$373,'05_상품별배치367'!$B$7:$B$373,A91) -> 0 | R91: =IF(Z91="",'06_집기치수20'!N16,Z91) -> 865 | S91: =IF(AA91="",'06_집기치수20'!O16,AA91) -> 270 | T91: 220 | U91: =IF(AB91="",'06_집기치수20'!P16,AB91-'06_집기치수20'!I16) -> 200 | V91: =IF(Q91=0,"",IF(COUNTIFS('05_상품별배치367'!$B$7:$B$373,A91,'05_상품별배치367'!$T$7:$T$373,"입력 대기")>0,"",SUMIFS('05_상품별배치367'!$S$7:$S$373,'05_상품별배치367'!$B$7:$B$373,A91))) | W91: =IF(Q91=0,"미진열",IF(COUNTIFS('05_상품별배치367'!$B$7:$B$373,A91,'05_상품별배치367'!$T$7:$T$373,"치수 초과")>0,"치수 초과",IF(COUNTIFS('05_상품별배치367'!$B$7:$B$373,A91,'05_상품별배치367'!$T$7:$T$373,"입력 대기")>0,"치수 입력 대기",IF(V91>R91,"폭 합계 초과","도면/실측 범위 내·현장확인")))) -> 미진열 | Y91: 선반
A92: G1-D-1/S1 | B92: G1-D-1 | C92: 하면·입구 방향 | D92: 1 | E92: 피부약·상처 보호 | F92: 현재 피부 상태 확인 | G92: 면포성 여드름 외용제 | J92: 대체 후보는 전체 상품 시트에서 동일 상품군 필터 | K92: 안내 | N92: 최상단 개구100mm, 계획 상품높이80mm 이하. 낮은 포장 또는 허용된 눕힘 진열만. 초과 시 S2 이하로 재배치. | O92: PDF p3~4 (2026-08-11) + 원본 2526품목; 판매·마진 데이터 없음 | P92: =COUNTIFS('05_상품별배치367'!$B$7:$B$373,A92,'05_상품별배치367'!$K$7:$K$373,">0") -> 0 | Q92: =SUMIFS('05_상품별배치367'!$K$7:$K$373,'05_상품별배치367'!$B$7:$B$373,A92) -> 0 | R92: =IF(Z92="",'06_집기치수20'!N17,Z92) -> 865 | S92: =IF(AA92="",'06_집기치수20'!O17,AA92) -> 270 | T92: 100 | U92: =IF(AB92="",'06_집기치수20'!P17,AB92-'06_집기치수20'!I17) -> 80 | V92: =IF(Q92=0,"",IF(COUNTIFS('05_상품별배치367'!$B$7:$B$373,A92,'05_상품별배치367'!$T$7:$T$373,"입력 대기")>0,"",SUMIFS('05_상품별배치367'!$S$7:$S$373,'05_상품별배치367'!$B$7:$B$373,A92))) | W92: =IF(Q92=0,"미진열",IF(COUNTIFS('05_상품별배치367'!$B$7:$B$373,A92,'05_상품별배치367'!$T$7:$T$373,"치수 초과")>0,"치수 초과",IF(COUNTIFS('05_상품별배치367'!$B$7:$B$373,A92,'05_상품별배치367'!$T$7:$T$373,"입력 대기")>0,"치수 입력 대기",IF(V92>R92,"폭 합계 초과","도면/실측 범위 내·현장확인")))) -> 미진열 | Y92: 선반
A93: G1-D-1/S2 | B93: G1-D-1 | C93: 하면·입구 방향 | D93: 2 | E93: 피부약·상처 보호 | F93: 면포성 여드름 외용약 | G93: 면포성 여드름 외용제 | H93: 애크린 겔 클리어틴외용액2% | I93: pd0001835 pd0001853 | J93: 대체 후보는 전체 상품 시트에서 동일 상품군 필터 | K93: 오픈 진열 | N93: 상품명·규격은 원장 보존. 판매 단위·포장 치수·집기 실측 확인 후 배치 확정. | O93: PDF p3~4 (2026-08-11) + 원본 2526품목; 판매·마진 데이터 없음 | P93: =COUNTIFS('05_상품별배치367'!$B$7:$B$373,A93,'05_상품별배치367'!$K$7:$K$373,">0") -> 2 | Q93: =SUMIFS('05_상품별배치367'!$K$7:$K$373,'05_상품별배치367'!$B$7:$B$373,A93) -> 3 | R93: =IF(Z93="",'06_집기치수20'!N18,Z93) -> 865 | S93: =IF(AA93="",'06_집기치수20'!O18,AA93) -> 270 | T93: 220 | U93: =IF(AB93="",'06_집기치수20'!P18,AB93-'06_집기치수20'!I18) -> 200 | V93: =IF(Q93=0,"",IF(COUNTIFS('05_상품별배치367'!$B$7:$B$373,A93,'05_상품별배치367'!$T$7:$T$373,"입력 대기")>0,"",SUMIFS('05_상품별배치367'!$S$7:$S$373,'05_상품별배치367'!$B$7:$B$373,A93))) | W93: =IF(Q93=0,"미진열",IF(COUNTIFS('05_상품별배치367'!$B$7:$B$373,A93,'05_상품별배치367'!$T$7:$T$373,"치수 초과")>0,"치수 초과",IF(COUNTIFS('05_상품별배치367'!$B$7:$B$373,A93,'05_상품별배치367'!$T$7:$T$373,"입력 대기")>0,"치수 입력 대기",IF(V93>R93,"폭 합계 초과","도면/실측 범위 내·현장확인")))) -> 치수 입력 대기 | X93: pd0001835 2F pd0001853 1F | Y93: 선반
A94: G1-D-1/S3 | B94: G1-D-1 | C94: 하면·입구 방향 | D94: 3 | E94: 피부약·상처 보호 | F94: 붉은 여드름 외용약 | G94: 붉은 여드름 외용제 | H94: 애크논 크림 큐아크네플러스크림 | I94: pd0001856 pd0001821 | J94: 대체 후보는 전체 상품 시트에서 동일 상품군 필터 | K94: 오픈 진열 | N94: 상품명·규격은 원장 보존. 판매 단위·포장 치수·집기 실측 확인 후 배치 확정. | O94: PDF p3~4 (2026-08-11) + 원본 2526품목; 판매·마진 데이터 없음 | P94: =COUNTIFS('05_상품별배치367'!$B$7:$B$373,A94,'05_상품별배치367'!$K$7:$K$373,">0") -> 2 | Q94: =SUMIFS('05_상품별배치367'!$K$7:$K$373,'05_상품별배치367'!$B$7:$B$373,A94) -> 3 | R94: =IF(Z94="",'06_집기치수20'!N19,Z94) -> 865 | S94: =IF(AA94="",'06_집기치수20'!O19,AA94) -> 270 | T94: 220 | U94: =IF(AB94="",'06_집기치수20'!P19,AB94-'06_집기치수20'!I19) -> 200 | V94: =IF(Q94=0,"",IF(COUNTIFS('05_상품별배치367'!$B$7:$B$373,A94,'05_상품별배치367'!$T$7:$T$373,"입력 대기")>0,"",SUMIFS('05_상품별배치367'!$S$7:$S$373,'05_상품별배치367'!$B$7:$B$373,A94))) | W94: =IF(Q94=0,"미진열",IF(COUNTIFS('05_상품별배치367'!$B$7:$B$373,A94,'05_상품별배치367'!$T$7:$T$373,"치수 초과")>0,"치수 초과",IF(COUNTIFS('05_상품별배치367'!$B$7:$B$373,A94,'05_상품별배치367'!$T$7:$T$373,"입력 대기")>0,"치수 입력 대기",IF(V94>R94,"폭 합계 초과","도면/실측 범위 내·현장확인")))) -> 치수 입력 대기 | X94: pd0001856 2F pd0001821 1F | Y94: 선반
A95: G1-D-1/S4 | B95: G1-D-1 | C95: 하면·입구 방향 | D95: 4 | E95: 피부약·상처 보호 | F95: 다른 성분 여드름약 | G95: 기타 여드름 외용제 | H95: 파티마겔2.5% 아젤리아크림 | I95: pd0001854 pd0002361 | J95: 대체 후보는 전체 상품 시트에서 동일 상품군 필터 | K95: 오픈 진열 | N95: 상품명·규격은 원장 보존. 판매 단위·포장 치수·집기 실측 확인 후 배치 확정. | O95: PDF p3~4 (2026-08-11) + 원본 2526품목; 판매·마진 데이터 없음 | P95: =COUNTIFS('05_상품별배치367'!$B$7:$B$373,A95,'05_상품별배치367'!$K$7:$K$373,">0") -> 2 | Q95: =SUMIFS('05_상품별배치367'!$K$7:$K$373,'05_상품별배치367'!$B$7:$B$373,A95) -> 2 | R95: =IF(Z95="",'06_집기치수20'!N20,Z95) -> 865 | S95: =IF(AA95="",'06_집기치수20'!O20,AA95) -> 270 | T95: 220 | U95: =IF(AB95="",'06_집기치수20'!P20,AB95-'06_집기치수20'!I20) -> 200 | V95: =IF(Q95=0,"",IF(COUNTIFS('05_상품별배치367'!$B$7:$B$373,A95,'05_상품별배치367'!$T$7:$T$373,"입력 대기")>0,"",SUMIFS('05_상품별배치367'!$S$7:$S$373,'05_상품별배치367'!$B$7:$B$373,A95))) | W95: =IF(Q95=0,"미진열",IF(COUNTIFS('05_상품별배치367'!$B$7:$B$373,A95,'05_상품별배치367'!$T$7:$T$373,"치수 초과")>0,"치수 초과",IF(COUNTIFS('05_상품별배치367'!$B$7:$B$373,A95,'05_상품별배치367'!$T$7:$T$373,"입력 대기")>0,"치수 입력 대기",IF(V95>R95,"폭 합계 초과","도면/실측 범위 내·현장확인")))) -> 치수 입력 대기 | X95: pd0001854 1F pd0002361 1F | Y95: 선반
A96: G1-D-1/S5 | B96: G1-D-1 | C96: 하면·입구 방향 | D96: 5 | E96: 피부약·상처 보호 | F96: 기타 여드름약 비교 | G96: 기타 여드름 외용제 | H96: 세비타비겔 센스힐겔 | I96: pd0001857 pd0002554 | J96: 대체 후보는 전체 상품 시트에서 동일 상품군 필터 | K96: 오픈 진열 | N96: 상품명·규격은 원장 보존. 판매 단위·포장 치수·집기 실측 확인 후 배치 확정. | O96: PDF p3~4 (2026-08-11) + 원본 2526품목; 판매·마진 데이터 없음 | P96: =COUNTIFS('05_상품별배치367'!$B$7:$B$373,A96,'05_상품별배치367'!$K$7:$K$373,">0") -> 2 | Q96: =SUMIFS('05_상품별배치367'!$K$7:$K$373,'05_상품별배치367'!$B$7:$B$373,A96) -> 2 | R96: =IF(Z96="",'06_집기치수20'!N21,Z96) -> 865 | S96: =IF(AA96="",'06_집기치수20'!O21,AA96) -> 270 | T96: 220 | U96: =IF(AB96="",'06_집기치수20'!P21,AB96-'06_집기치수20'!I21) -> 200 | V96: =IF(Q96=0,"",IF(COUNTIFS('05_상품별배치367'!$B$7:$B$373,A96,'05_상품별배치367'!$T$7:$T$373,"입력 대기")>0,"",SUMIFS('05_상품별배치367'!$S$7:$S$373,'05_상품별배치367'!$B$7:$B$373,A96))) | W96: =IF(Q96=0,"미진열",IF(COUNTIFS('05_상품별배치367'!$B$7:$B$373,A96,'05_상품별배치367'!$T$7:$T$373,"치수 초과")>0,"치수 초과",IF(COUNTIFS('05_상품별배치367'!$B$7:$B$373,A96,'05_상품별배치367'!$T$7:$T$373,"입력 대기")>0,"치수 입력 대기",IF(V96>R96,"폭 합계 초과","도면/실측 범위 내·현장확인")))) -> 치수 입력 대기 | X96: pd0001857 1F pd0002554 1F | Y96: 선반
A97: G1-D-2/S1 | B97: G1-D-2 | C97: 하면·입구 방향 | D97: 1 | E97: 피부약·상처 보호 | F97: 패치 용도·피부 상태 안내 | G97: 스팟 보호 패치 | J97: 대체 후보는 전체 상품 시트에서 동일 상품군 필터 | K97: 안내 | N97: 최상단 개구100mm, 계획 상품높이80mm 이하. 낮은 포장 또는 허용된 눕힘 진열만. 초과 시 S2 이하로 재배치. | O97: PDF p3~4 (2026-08-11) + 원본 2526품목; 판매·마진 데이터 없음 | P97: =COUNTIFS('05_상품별배치367'!$B$7:$B$373,A97,'05_상품별배치367'!$K$7:$K$373,">0") -> 0 | Q97: =SUMIFS('05_상품별배치367'!$K$7:$K$373,'05_상품별배치367'!$B$7:$B$373,A97) -> 0 | R97: =IF(Z97="",'06_집기치수20'!N17,Z97) -> 865 | S97: =IF(AA97="",'06_집기치수20'!O17,AA97) -> 270 | T97: 100 | U97: =IF(AB97="",'06_집기치수20'!P17,AB97-'06_집기치수20'!I17) -> 80 | V97: =IF(Q97=0,"",IF(COUNTIFS('05_상품별배치367'!$B$7:$B$373,A97,'05_상품별배치367'!$T$7:$T$373,"입력 대기")>0,"",SUMIFS('05_상품별배치367'!$S$7:$S$373,'05_상품별배치367'!$B$7:$B$373,A97))) | W97: =IF(Q97=0,"미진열",IF(COUNTIFS('05_상품별배치367'!$B$7:$B$373,A97,'05_상품별배치367'!$T$7:$T$373,"치수 초과")>0,"치수 초과",IF(COUNTIFS('05_상품별배치367'!$B$7:$B$373,A97,'05_상품별배치367'!$T$7:$T$373,"입력 대기")>0,"치수 입력 대기",IF(V97>R97,"폭 합계 초과","도면/실측 범위 내·현장확인")))) -> 미진열 | Y97: 선반
A98: G1-D-2/S2 | B98: G1-D-2 | C98: 하면·입구 방향 | D98: 2 | E98: 피부약·상처 보호 | F98: 일상 스팟 보호 패치 | G98: 스팟 보호 패치 | H98: 이지덤뷰티 이지덤밴드뷰티릴리프 닥터원더 트러블스팟 원더패치 60매 | I98: pd0002320 pd0002311 pd0002091 | J98: 대체 후보는 전체 상품 시트에서 동일 상품군 필터 | K98: 오픈 진열 | N98: 상품명·규격은 원장 보존. 판매 단위·포장 치수·집기 실측 확인 후 배치 확정. | O98: PDF p3~4 (2026-08-11) + 원본 2526품목; 판매·마진 데이터 없음 | P98: =COUNTIFS('05_상품별배치367'!$B$7:$B$373,A98,'05_상품별배치367'!$K$7:$K$373,">0") -> 3 | Q98: =SUMIFS('05_상품별배치367'!$K$7:$K$373,'05_상품별배치367'!$B$7:$B$373,A98) -> 4 | R98: =IF(Z98="",'06_집기치수20'!N18,Z98) -> 865 | S98: =IF(AA98="",'06_집기치수20'!O18,AA98) -> 270 | T98: 220 | U98: =IF(AB98="",'06_집기치수20'!P18,AB98-'06_집기치수20'!I18) -> 200 | V98: =IF(Q98=0,"",IF(COUNTIFS('05_상품별배치367'!$B$7:$B$373,A98,'05_상품별배치367'!$T$7:$T$373,"입력 대기")>0,"",SUMIFS('05_상품별배치367'!$S$7:$S$373,'05_상품별배치367'!$B$7:$B$373,A98))) | W98: =IF(Q98=0,"미진열",IF(COUNTIFS('05_상품별배치367'!$B$7:$B$373,A98,'05_상품별배치367'!$T$7:$T$373,"치수 초과")>0,"치수 초과",IF(COUNTIFS('05_상품별배치367'!$B$7:$B$373,A98,'05_상품별배치367'!$T$7:$T$373,"입력 대기")>0,"치수 입력 대기",IF(V98>R98,"폭 합계 초과","도면/실측 범위 내·현장확인")))) -> 치수 입력 대기 | X98: pd0002320 2F pd0002311 1F pd0002091 1F | Y98: 선반
A99: G1-D-2/S3 | B99: G1-D-2 | C99: 하면·입구 방향 | D99: 3 | E99: 피부약·상처 보호 | F99: 국소 패치·다른 소재 | G99: 스팟 보호 패치 | H99: 이지덤뷰티 퀵카밍 6매 아크로패스 트러블큐어 마이크로콘 패치(스몰, 9패치) | I99: pd0002319 pd0000905 | J99: 대체 후보는 전체 상품 시트에서 동일 상품군 필터 | K99: 오픈 진열 | N99: 상품명·규격은 원장 보존. 판매 단위·포장 치수·집기 실측 확인 후 배치 확정. | O99: PDF p3~4 (2026-08-11) + 원본 2526품목; 판매·마진 데이터 없음 | P99: =COUNTIFS('05_상품별배치367'!$B$7:$B$373,A99,'05_상품별배치367'!$K$7:$K$373,">0") -> 2 | Q99: =SUMIFS('05_상품별배치367'!$K$7:$K$373,'05_상품별배치367'!$B$7:$B$373,A99) -> 2 | R99: =IF(Z99="",'06_집기치수20'!N19,Z99) -> 865 | S99: =IF(AA99="",'06_집기치수20'!O19,AA99) -> 270 | T99: 220 | U99: =IF(AB99="",'06_집기치수20'!P19,AB99-'06_집기치수20'!I19) -> 200 | V99: =IF(Q99=0,"",IF(COUNTIFS('05_상품별배치367'!$B$7:$B$373,A99,'05_상품별배치367'!$T$7:$T$373,"입력 대기")>0,"",SUMIFS('05_상품별배치367'!$S$7:$S$373,'05_상품별배치367'!$B$7:$B$373,A99))) | W99: =IF(Q99=0,"미진열",IF(COUNTIFS('05_상품별배치367'!$B$7:$B$373,A99,'05_상품별배치367'!$T$7:$T$373,"치수 초과")>0,"치수 초과",IF(COUNTIFS('05_상품별배치367'!$B$7:$B$373,A99,'05_상품별배치367'!$T$7:$T$373,"입력 대기")>0,"치수 입력 대기",IF(V99>R99,"폭 합계 초과","도면/실측 범위 내·현장확인")))) -> 치수 입력 대기 | X99: pd0002319 1F pd0000905 1F | Y99: 선반
A100: G1-D-2/S4 | B100: G1-D-2 | C100: 하면·입구 방향 | D100: 4 | E100: 피부약·상처 보호 | F100: 카밍·스팟 패치 비교 | G100: 스팟 보호 패치 | H100: 아크로패스 트러블 스팟 카밍 패치 (60패치) 아크로패스 트러블 스팟 케어 패치 (72패치) | I100: pd0000903 pd0000904 | J100: 대체 후보는 전체 상품 시트에서 동일 상품군 필터 | K100: 오픈 진열 | N100: 상품명·규격은 원장 보존. 판매 단위·포장 치수·집기 실측 확인 후 배치 확정. | O100: PDF p3~4 (2026-08-11) + 원본 2526품목; 판매·마진 데이터 없음 | P100: =COUNTIFS('05_상품별배치367'!$B$7:$B$373,A100,'05_상품별배치367'!$K$7:$K$373,">0") -> 2 | Q100: =SUMIFS('05_상품별배치367'!$K$7:$K$373,'05_상품별배치367'!$B$7:$B$373,A100) -> 2 | R100: =IF(Z100="",'06_집기치수20'!N20,Z100) -> 865 | S100: =IF(AA100="",'06_집기치수20'!O20,AA100) -> 270 | T100: 220 | U100: =IF(AB100="",'06_집기치수20'!P20,AB100-'06_집기치수20'!I20) -> 200 | V100: =IF(Q100=0,"",IF(COUNTIFS('05_상품별배치367'!$B$7:$B$373,A100,'05_상품별배치367'!$T$7:$T$373,"입력 대기")>0,"",SUMIFS('05_상품별배치367'!$S$7:$S$373,'05_상품별배치367'!$B$7:$B$373,A100))) | W100: =IF(Q100=0,"미진열",IF(COUNTIFS('05_상품별배치367'!$B$7:$B$373,A100,'05_상품별배치367'!$T$7:$T$373,"치수 초과")>0,"치수 초과",IF(COUNTIFS('05_상품별배치367'!$B$7:$B$373,A100,'05_상품별배치367'!$T$7:$T$373,"입력 대기")>0,"치수 입력 대기",IF(V100>R100,"폭 합계 초과","도면/실측 범위 내·현장확인")))) -> 치수 입력 대기 | X100: pd0000903 1F pd0000904 1F | Y100: 선반
A101: G1-D-2/S5 | B101: G1-D-2 | C101: 하면·입구 방향 | D101: 5 | E101: 피부약·상처 보호 | F101: 다매 포장·대체 비교 | G101: 스팟 보호 패치 | H101: 닥터원더 트러블스팟 원더패치 135매 마데카밴드트러블케어매직패치 | I101: pd0002090 pd0002555 | J101: 대체 후보는 전체 상품 시트에서 동일 상품군 필터 | K101: 오픈 진열 | N101: 상품명·규격은 원장 보존. 판매 단위·포장 치수·집기 실측 확인 후 배치 확정. | O101: PDF p3~4 (2026-08-11) + 원본 2526품목; 판매·마진 데이터 없음 | P101: =COUNTIFS('05_상품별배치367'!$B$7:$B$373,A101,'05_상품별배치367'!$K$7:$K$373,">0") -> 2 | Q101: =SUMIFS('05_상품별배치367'!$K$7:$K$373,'05_상품별배치367'!$B$7:$B$373,A101) -> 2 | R101: =IF(Z101="",'06_집기치수20'!N21,Z101) -> 865 | S101: =IF(AA101="",'06_집기치수20'!O21,AA101) -> 270 | T101: 220 | U101: =IF(AB101="",'06_집기치수20'!P21,AB101-'06_집기치수20'!I21) -> 200 | V101: =IF(Q101=0,"",IF(COUNTIFS('05_상품별배치367'!$B$7:$B$373,A101,'05_상품별배치367'!$T$7:$T$373,"입력 대기")>0,"",SUMIFS('05_상품별배치367'!$S$7:$S$373,'05_상품별배치367'!$B$7:$B$373,A101))) | W101: =IF(Q101=0,"미진열",IF(COUNTIFS('05_상품별배치367'!$B$7:$B$373,A101,'05_상품별배치367'!$T$7:$T$373,"치수 초과")>0,"치수 초과",IF(COUNTIFS('05_상품별배치367'!$B$7:$B$373,A101,'05_상품별배치367'!$T$7:$T$373,"입력 대기")>0,"치수 입력 대기",IF(V101>R101,"폭 합계 초과","도면/실측 범위 내·현장확인")))) -> 치수 입력 대기 | X101: pd0002090 1F pd0002555 1F | Y101: 선반
A102: G1-D-3/S1 | B102: G1-D-3 | C102: 하면·입구 방향 | D102: 1 | E102: 더마·세정·선케어 | F102: 피지·모공 고민 안내 | G102: 피지·모공 스킨케어 | J102: 대체 후보는 전체 상품 시트에서 동일 상품군 필터 | K102: 안내 | N102: 최상단 개구100mm, 계획 상품높이80mm 이하. 낮은 포장 또는 허용된 눕힘 진열만. 초과 시 S2 이하로 재배치. | O102: PDF p3~4 (2026-08-11) + 원본 2526품목; 판매·마진 데이터 없음 | P102: =COUNTIFS('05_상품별배치367'!$B$7:$B$373,A102,'05_상품별배치367'!$K$7:$K$373,">0") -> 0 | Q102: =SUMIFS('05_상품별배치367'!$K$7:$K$373,'05_상품별배치367'!$B$7:$B$373,A102) -> 0 | R102: =IF(Z102="",'06_집기치수20'!N17,Z102) -> 865 | S102: =IF(AA102="",'06_집기치수20'!O17,AA102) -> 270 | T102: 100 | U102: =IF(AB102="",'06_집기치수20'!P17,AB102-'06_집기치수20'!I17) -> 80 | V102: =IF(Q102=0,"",IF(COUNTIFS('05_상품별배치367'!$B$7:$B$373,A102,'05_상품별배치367'!$T$7:$T$373,"입력 대기")>0,"",SUMIFS('05_상품별배치367'!$S$7:$S$373,'05_상품별배치367'!$B$7:$B$373,A102))) | W102: =IF(Q102=0,"미진열",IF(COUNTIFS('05_상품별배치367'!$B$7:$B$373,A102,'05_상품별배치367'!$T$7:$T$373,"치수 초과")>0,"치수 초과",IF(COUNTIFS('05_상품별배치367'!$B$7:$B$373,A102,'05_상품별배치367'!$T$7:$T$373,"입력 대기")>0,"치수 입력 대기",IF(V102>R102,"폭 합계 초과","도면/실측 범위 내·현장확인")))) -> 미진열 | Y102: 선반
A103: G1-D-3/S2 | B103: G1-D-3 | C103: 하면·입구 방향 | D103: 2 | E103: 더마·세정·선케어 | F103: 지성 피부 크림·겔 | G103: 피지·모공 스킨케어 | H103: 엠디스픽 테카테카 징크 PCA 클리어 크림 Rx 아크페어 클리어 겔 | I103: pd0001055 pd0002467 | J103: 대체 후보는 전체 상품 시트에서 동일 상품군 필터 | K103: 오픈 진열 | N103: 상품명·규격은 원장 보존. 판매 단위·포장 치수·집기 실측 확인 후 배치 확정. | O103: PDF p3~4 (2026-08-11) + 원본 2526품목; 판매·마진 데이터 없음 | P103: =COUNTIFS('05_상품별배치367'!$B$7:$B$373,A103,'05_상품별배치367'!$K$7:$K$373,">0") -> 2 | Q103: =SUMIFS('05_상품별배치367'!$K$7:$K$373,'05_상품별배치367'!$B$7:$B$373,A103) -> 2 | R103: =IF(Z103="",'06_집기치수20'!N18,Z103) -> 865 | S103: =IF(AA103="",'06_집기치수20'!O18,AA103) -> 270 | T103: 220 | U103: =IF(AB103="",'06_집기치수20'!P18,AB103-'06_집기치수20'!I18) -> 200 | V103: =IF(Q103=0,"",IF(COUNTIFS('05_상품별배치367'!$B$7:$B$373,A103,'05_상품별배치367'!$T$7:$T$373,"입력 대기")>0,"",SUMIFS('05_상품별배치367'!$S$7:$S$373,'05_상품별배치367'!$B$7:$B$373,A103))) | W103: =IF(Q103=0,"미진열",IF(COUNTIFS('05_상품별배치367'!$B$7:$B$373,A103,'05_상품별배치367'!$T$7:$T$373,"치수 초과")>0,"치수 초과",IF(COUNTIFS('05_상품별배치367'!$B$7:$B$373,A103,'05_상품별배치367'!$T$7:$T$373,"입력 대기")>0,"치수 입력 대기",IF(V103>R103,"폭 합계 초과","도면/실측 범위 내·현장확인")))) -> 치수 입력 대기 | X103: pd0001055 1F pd0002467 1F | Y103: 선반
...

Sheet 03_상품분류2526
E1: j
A2: 전체 상품 2,526행 · 도입 권장·중요도·페이싱
A3: 원본명·규격·공급코드 보존 | A 핵심 / B 보완 / T 시험 / C 대체 / H 확인 / N 초도 제외 | O~Q는 배치표 연동 | V~X는 소매포장 실측 mm
A6: 원본 공급코드 | B6: 원본 행 | C6: 원본 상품명 | D6: 원본 규격 | E6: 대분류 | F6: 운영 상품군 | G6: 권장 주 진열 | H6: 구체 선반 | I6: 취급 권장 | J6: 확정 위치 | K6: 분류·표시 대조 | L6: 분류·원본 이슈 | M6: 중요도 | N6: 오픈 선정 | O6: 본진 F | P6: 추가 F | Q6: 총 F | R6: 채택시 시작F | S6: 선정·보류 사유 | T6: 브랜드 검토 | U6: 중복 대조코드 | V6: 포장 가로 mm | W6: 포장 높이 mm | X6: 포장 깊이 mm | Y6: 소매단위 확인 | Z6: 확정 바코드 | AA6: 최종 취급결정
A7: pd0002494 | B7: 2468 | C7: (논현)광동원탕 | D7: 100ml | E7: 일반 상비·상담약 | F7: 자양강장·한방 상담약 | G7: W4 | I7: 대체 후보 | K7: 의약품 후보·허가 대조 | L7: 매입가 0 의미 확인 | M7: C | N7: 예 | O7: =SUMIFS('05_상품별배치367'!$K$7:$K$373,'05_상품별배치367'!$E$7:$E$373,A7,'05_상품별배치367'!$H$7:$H$373,"본진") -> 0 | P7: =SUMIFS('05_상품별배치367'!$K$7:$K$373,'05_상품별배치367'!$E$7:$E$373,A7,'05_상품별배치367'!$H$7:$H$373,"추가 진열") -> 0 | Q7: =O7+P7 -> 0 | R7: 1 | S7: 자양강장·한방 상담약 기본 선정품의 대안. 동시 입고보다 가격·제형·공급 차이가 있을 때 교체. | T7: 원본명 참고·브랜드 대조 | Y7: 현행 공급·바코드 대조 | AA7: 미확정
A8: pd0002347 | B8: 2337 | C8: (리쥬올)PDRN리쥬비네이팅크림 | D8: 30mL | E8: 스킨케어 | F8: PDRN 스킨케어 | G8: G5-D-1 | H8: G5-D-1/S2 | I8: 오픈 핵심 | K8: 화장품 후보·표시 확인 | L8: 매입가 0 의미 확인 | M8: A | N8: 예 | O8: =SUMIFS('05_상품별배치367'!$K$7:$K$373,'05_상품별배치367'!$E$7:$E$373,A8,'05_상품별배치367'!$H$7:$H$373,"본진") -> 2 | P8: =SUMIFS('05_상품별배치367'!$K$7:$K$373,'05_상품별배치367'!$E$7:$E$373,A8,'05_상품별배치367'!$H$7:$H$373,"추가 진열") -> 1 | Q8: =O8+P8 -> 3 | R8: 2 | S8: 기존 핵심 수요 또는 약국 기본 상담 구색. 우선 도입 제안. | T8: 닥터리쥬올 | Y8: 현행 공급·바코드 대조 | AA8: 미확정
A9: pd0002346 | B9: 2336 | C9: (리쥬올)어드밴스드 레티노멜라세럼 | D9: 50mL | E9: 스킨케어 | F9: 톤·브라이트닝 스킨케어 | G9: G3-D-2 | H9: G3-D-2/S3 | I9: 오픈 핵심 | K9: 화장품 후보·표시 확인 | L9: 매입가 0 의미 확인 | M9: A | N9: 예 | O9: =SUMIFS('05_상품별배치367'!$K$7:$K$373,'05_상품별배치367'!$E$7:$E$373,A9,'05_상품별배치367'!$H$7:$H$373,"본진") -> 1 | P9: =SUMIFS('05_상품별배치367'!$K$7:$K$373,'05_상품별배치367'!$E$7:$E$373,A9,'05_상품별배치367'!$H$7:$H$373,"추가 진열") -> 0 | Q9: =O9+P9 -> 1 | R9: 1 | S9: 기존 핵심 수요 또는 약국 기본 상담 구색. 우선 도입 제안. | T9: 닥터리쥬올 | Y9: 현행 공급·바코드 대조 | AA9: 미확정
A10: pd0002513 | B10: 2486 | C10: (신)니조랄2%액 | D10: 100ml | E10: 일반 상비·상담약 | F10: 탈모·두피 상담약 | G10: G3-U-1 | H10: G3-U-1/S3 | I10: 오픈 핵심 | K10: 의약품 후보·허가 대조 | L10: 매입가 0 의미 확인 | M10: A | N10: 예 | O10: =SUMIFS('05_상품별배치367'!$K$7:$K$373,'05_상품별배치367'!$E$7:$E$373,A10,'05_상품별배치367'!$H$7:$H$373,"본진") -> 1 | P10: =SUMIFS('05_상품별배치367'!$K$7:$K$373,'05_상품별배치367'!$E$7:$E$373,A10,'05_상품별배치367'!$H$7:$H$373,"추가 진열") -> 1 | Q10: =O10+P10 -> 2 | R10: 1 | S10: 기존 핵심 수요 또는 약국 기본 상담 구색. 우선 도입 제안. | T10: 원본명 참고·브랜드 대조 | Y10: 현행 공급·바코드 대조 | AA10: 미확정
A11: pd0000129 | B11: 131 | C11: (증정)아니모 마그네슘오일클라우드 스프레이 마일드 | D11: 120ml | E11: 운영·확인 | F11: 테스트·증정·구성 미확인 | G11: 상설 미배정 | I11: 판매 진열 제외 | K11: 제품 정보 확인 | L11: 매입가 0 의미 확인 / 분류·구성 수동 확인 | M11: N | N11: 아니오 | O11: =SUMIFS('05_상품별배치367'!$K$7:$K$373,'05_상품별배치367'!$E$7:$E$373,A11,'05_상품별배치367'!$H$7:$H$373,"본진") -> 0 | P11: =SUMIFS('05_상품별배치367'!$K$7:$K$373,'05_상품별배치367'!$E$7:$E$373,A11,'05_상품별배치367'!$H$7:$H$373,"추가 진열") -> 0 | Q11: =O11+P11 -> 0 | R11: 0 | S11: 테스트·증정 또는 매장 소모품. 운영 구매는 별도 검토. | T11: 원본명 참고·브랜드 대조 | Y11: 현행 공급·바코드 대조 | AA11: 미확정
A12: pd0002438 | B12: 2426 | C12: *알디콤A | D12: 15ml | E12: 식음료 | F12: 숙취 관련 식품 | G12: 상설 미배정 | I12: 대체 후보 | K12: 식품 후보·유형 확인 | L12: 매입가 0 의미 확인 | M12: C | N12: 아니오 | O12: =SUMIFS('05_상품별배치367'!$K$7:$K$373,'05_상품별배치367'!$E$7:$E$373,A12,'05_상품별배치367'!$H$7:$H$373,"본진") -> 0 | P12: =SUMIFS('05_상품별배치367'!$K$7:$K$373,'05_상품별배치367'!$E$7:$E$373,A12,'05_상품별배치367'!$H$7:$H$373,"추가 진열") -> 0 | Q12: =O12+P12 -> 0 | R12: 1 | S12: 숙취 관련 식품 기본 선정품의 대안. 동시 입고보다 가격·제형·공급 차이가 있을 때 교체. | T12: 원본명 참고·브랜드 대조 | Y12: 현행 공급·바코드 대조 | AA12: 미확정
A13: pd0002443 | B13: 2431 | C13: 3WB 고운손 핸드크림 | D13: 25g | E13: 바디·헤어·위생 | F13: 핸드 케어 | G13: G2-U-3 | H13: G2-U-3/S2 | I13: 오픈 보완 | K13: 품목별 표시 확인 | L13: 매입가 0 의미 확인 | M13: B | N13: 예 | O13: =SUMIFS('05_상품별배치367'!$K$7:$K$373,'05_상품별배치367'!$E$7:$E$373,A13,'05_상품별배치367'!$H$7:$H$373,"본진") -> 1 | P13: =SUMIFS('05_상품별배치367'!$K$7:$K$373,'05_상품별배치367'!$E$7:$E$373,A13,'05_상품별배치367'!$H$7:$H$373,"추가 진열") -> 0 | Q13: =O13+P13 -> 1 | R13: 1 | S13: 기본품과 다른 제형·부위·포장으로 선택 폭 보완. | T13: 원본명 참고·브랜드 대조 | Y13: 현행 공급·바코드 대조 | AA13: 미확정
A14: pd0002457 | B14: 2442 | C14: Acne Set | D14: 1set | E14: 운영·확인 | F14: 테스트·증정·구성 미확인 | G14: 상설 미배정 | I14: 판매 진열 제외 | K14: 제품 정보 확인 | L14: 매입가 0 의미 확인 / 분류·구성 수동 확인 | M14: N | N14: 아니오 | O14: =SUMIFS('05_상품별배치367'!$K$7:$K$373,'05_상품별배치367'!$E$7:$E$373,A14,'05_상품별배치367'!$H$7:$H$373,"본진") -> 0 | P14: =SUMIFS('05_상품별배치367'!$K$7:$K$373,'05_상품별배치367'!$E$7:$E$373,A14,'05_상품별배치367'!$H$7:$H$373,"추가 진열") -> 0 | Q14: =O14+P14 -> 0 | R14: 0 | S14: 테스트·증정 또는 매장 소모품. 운영 구매는 별도 검토. | T14: 원본명 참고·브랜드 대조 | Y14: 현행 공급·바코드 대조 | AA14: 미확정
A15: pd0001955 | B15: 1954 | C15: CJ 맛군밤 | D15: 60g | E15: 식음료 | F15: 캔디·간식 | G15: 상설 미배정 | I15: 초도 비권장 | K15: 식품 후보·유형 확인 | M15: N | N15: 예 | O15: =SUMIFS('05_상품별배치367'!$K$7:$K$373,'05_상품별배치367'!$E$7:$E$373,A15,'05_상품별배치367'!$H$7:$H$373,"본진") -> 0 | P15: =SUMIFS('05_상품별배치367'!$K$7:$K$373,'05_상품별배치367'!$E$7:$E$373,A15,'05_상품별배치367'!$H$7:$H$373,"추가 진열") -> 0 | Q15: =O15+P15 -> 0 | R15: 0 | S15: 약국의 핵심 상담 구색 대비 우선순위 낮음. 인접 뷰티·일반 소매와 역할 중복 및 재고 분산 검토. | T15: 원본명 참고·브랜드 대조 | Y15: 현행 공급·바코드 대조 | AA15: 미확정
A16: pd0001956 | B16: 1955 | C16: CJ 맛밤 | D16: 80g | E16: 식음료 | F16: 캔디·간식 | G16: 상설 미배정 | I16: 초도 비권장 | K16: 식품 후보·유형 확인 | M16: N | N16: 아니오 | O16: =SUMIFS('05_상품별배치367'!$K$7:$K$373,'05_상품별배치367'!$E$7:$E$373,A16,'05_상품별배치367'!$H$7:$H$373,"본진") -> 0 | P16: =SUMIFS('05_상품별배치367'!$K$7:$K$373,'05_상품별배치367'!$E$7:$E$373,A16,'05_상품별배치367'!$H$7:$H$373,"추가 진열") -> 0 | Q16: =O16+P16 -> 0 | R16: 0 | S16: 약국의 핵심 상담 구색 대비 우선순위 낮음. 인접 뷰티·일반 소매와 역할 중복 및 재고 분산 검토. | T16: 원본명 참고·브랜드 대조 | Y16: 현행 공급·바코드 대조 | AA16: 미확정
A17: pd0000373 | B17: 375 | C17: CJ제일제당 다시다/나쵸 65G | D17: 65G | E17: 식음료 | F17: 캔디·간식 | G17: 상설 미배정 | I17: 초도 비권장 | K17: 식품 후보·유형 확인 | M17: N | N17: 예 | O17: =SUMIFS('05_상품별배치367'!$K$7:$K$373,'05_상품별배치367'!$E$7:$E$373,A17,'05_상품별배치367'!$H$7:$H$373,"본진") -> 0 | P17: =SUMIFS('05_상품별배치367'!$K$7:$K$373,'05_상품별배치367'!$E$7:$E$373,A17,'05_상품별배치367'!$H$7:$H$373,"추가 진열") -> 0 | Q17: =O17+P17 -> 0 | R17: 0 | S17: 약국의 핵심 상담 구색 대비 우선순위 낮음. 인접 뷰티·일반 소매와 역할 중복 및 재고 분산 검토. | T17: 원본명 참고·브랜드 대조 | Y17: 현행 공급·바코드 대조 | AA17: 미확정
A18: pd0000371 | B18: 373 | C18: CJ제일제당 다시다/팝콘 다시다맛80G | D18: 80G | E18: 식음료 | F18: 캔디·간식 | G18: 상설 미배정 | I18: 초도 비권장 | K18: 식품 후보·유형 확인 | M18: N | N18: 예 | O18: =SUMIFS('05_상품별배치367'!$K$7:$K$373,'05_상품별배치367'!$E$7:$E$373,A18,'05_상품별배치367'!$H$7:$H$373,"본진") -> 0 | P18: =SUMIFS('05_상품별배치367'!$K$7:$K$373,'05_상품별배치367'!$E$7:$E$373,A18,'05_상품별배치367'!$H$7:$H$373,"추가 진열") -> 0 | Q18: =O18+P18 -> 0 | R18: 0 | S18: 약국의 핵심 상담 구색 대비 우선순위 낮음. 인접 뷰티·일반 소매와 역할 중복 및 재고 분산 검토. | T18: 원본명 참고·브랜드 대조 | Y18: 현행 공급·바코드 대조 | AA18: 미확정
A19: pd0000380 | B19: 382 | C19: CJ제일제당 맥스셋 레몬비타 120ML | D19: 120ML*1EA | E19: 식음료 | F19: 건강즙·차·음료 | G19: 냉장고 또는 상온 음료, 별도 검토 | I19: 초도 비권장 | K19: 식품 후보·유형 확인 | M19: N | N19: 예 | O19: =SUMIFS('05_상품별배치367'!$K$7:$K$373,'05_상품별배치367'!$E$7:$E$373,A19,'05_상품별배치367'!$H$7:$H$373,"본진") -> 0 | P19: =SUMIFS('05_상품별배치367'!$K$7:$K$373,'05_상품별배치367'!$E$7:$E$373,A19,'05_상품별배치367'!$H$7:$H$373,"추가 진열") -> 0 | Q19: =O19+P19 -> 0 | R19: 0 | S19: 약국의 핵심 상담 구색 대비 우선순위 낮음. 인접 뷰티·일반 소매와 역할 중복 및 재고 분산 검토. | T19: 원본명 참고·브랜드 대조 | Y19: 소매 단위·구성 대조 | AA19: 미확정
A20: pd0000379 | B20: 381 | C20: CJ제일제당 맥스셋 레몬비타 120ML*10입 | D20: 120ML*10EA | E20: 식음료 | F20: 건강즙·차·음료 | G20: 냉장고 또는 상온 음료, 별도 검토 | I20: 초도 비권장 | K20: 식품 후보·유형 확인 | M20: N | N20: 예 | O20: =SUMIFS('05_상품별배치367'!$K$7:$K$373,'05_상품별배치367'!$E$7:$E$373,A20,'05_상품별배치367'!$H$7:$H$373,"본진") -> 0 | P20: =SUMIFS('05_상품별배치367'!$K$7:$K$373,'05_상품별배치367'!$E$7:$E$373,A20,'05_상품별배치367'!$H$7:$H$373,"추가 진열") -> 0 | Q20: =O20+P20 -> 0 | R20: 0 | S20: 약국의 핵심 상담 구색 대비 우선순위 낮음. 인접 뷰티·일반 소매와 역할 중복 및 재고 분산 검토. | T20: 원본명 참고·브랜드 대조 | Y20: 소매 단위·구성 대조 | AA20: 미확정
A21: pd0000381 | B21: 383 | C21: CJ제일제당 맥스셋 푸룬클렌즈 170ML | D21: 170ML | E21: 식음료 | F21: 푸룬·식이섬유 식품 | G21: G4-D-2 | I21: 대체 후보 | K21: 식품 후보·유형 확인 | M21: C | N21: 아니오 | O21: =SUMIFS('05_상품별배치367'!$K$7:$K$373,'05_상품별배치367'!$E$7:$E$373,A21,'05_상품별배치367'!$H$7:$H$373,"본진") -> 0 | P21: =SUMIFS('05_상품별배치367'!$K$7:$K$373,'05_상품별배치367'!$E$7:$E$373,A21,'05_상품별배치367'!$H$7:$H$373,"추가 진열") -> 0 | Q21: =O21+P21 -> 0 | R21: 1 | S21: 푸룬·식이섬유 식품 기본 선정품의 대안. 동시 입고보다 가격·제형·공급 차이가 있을 때 교체. | T21: 원본명 참고·브랜드 대조 | Y21: 현행 공급·바코드 대조 | AA21: 미확정
A22: pd0000374 | B22: 376 | C22: CJ제일제당 비비고/김 나쵸 65G | D22: 65G | E22: 식음료 | F22: 캔디·간식 | G22: 상설 미배정 | I22: 초도 비권장 | K22: 식품 후보·유형 확인 | M22: N | N22: 예 | O22: =SUMIFS('05_상품별배치367'!$K$7:$K$373,'05_상품별배치367'!$E$7:$E$373,A22,'05_상품별배치367'!$H$7:$H$373,"본진") -> 0 | P22: =SUMIFS('05_상품별배치367'!$K$7:$K$373,'05_상품별배치367'!$E$7:$E$373,A22,'05_상품별배치367'!$H$7:$H$373,"추가 진열") -> 0 | Q22: =O22+P22 -> 0 | R22: 0 | S22: 약국의 핵심 상담 구색 대비 우선순위 낮음. 인접 뷰티·일반 소매와 역할 중복 및 재고 분산 검토. | T22: 원본명 참고·브랜드 대조 | Y22: 현행 공급·바코드 대조 | AA22: 미확정
A23: pd0000372 | B23: 374 | C23: CJ제일제당 비비고/김 팝콘 80G | D23: 80G | E23: 식음료 | F23: 캔디·간식 | G23: 상설 미배정 | I23: 초도 비권장 | K23: 식품 후보·유형 확인 | M23: N | N23: 예 | O23: =SUMIFS('05_상품별배치367'!$K$7:$K$373,'05_상품별배치367'!$E$7:$E$373,A23,'05_상품별배치367'!$H$7:$H$373,"본진") -> 0 | P23: =SUMIFS('05_상품별배치367'!$K$7:$K$373,'05_상품별배치367'!$E$7:$E$373,A23,'05_상품별배치367'!$H$7:$H$373,"추가 진열") -> 0 | Q23: =O23+P23 -> 0 | R23: 0 | S23: 약국의 핵심 상담 구색 대비 우선순위 낮음. 인접 뷰티·일반 소매와 역할 중복 및 재고 분산 검토. | T23: 원본명 참고·브랜드 대조 | Y23: 현행 공급·바코드 대조 | AA23: 미확정
A24: pd0000368 | B24: 370 | C24: CJ제일제당 얼티브 아몬드두유 저당 190ML | D24: 190ML | E24: 식음료 | F24: 건강즙·차·음료 | G24: 냉장고 또는 상온 음료, 별도 검토 | I24: 초도 비권장 | K24: 식품 후보·유형 확인 | M24: N | N24: 예 | O24: =SUMIFS('05_상품별배치367'!$K$7:$K$373,'05_상품별배치367'!$E$7:$E$373,A24,'05_상품별배치367'!$H$7:$H$373,"본진") -> 0 | P24: =SUMIFS('05_상품별배치367'!$K$7:$K$373,'05_상품별배치367'!$E$7:$E$373,A24,'05_상품별배치367'!$H$7:$H$373,"추가 진열") -> 0 | Q24: =O24+P24 -> 0 | R24: 0 | S24: 약국의 핵심 상담 구색 대비 우선순위 낮음. 인접 뷰티·일반 소매와 역할 중복 및 재고 분산 검토. | T24: 원본명 참고·브랜드 대조 | Y24: 현행 공급·바코드 대조 | AA24: 미확정
A25: pd0000367 | B25: 369 | C25: CJ제일제당 얼티브 아몬드두유 저당 190ML 24개입 | D25: 190ML*24EA | E25: 식음료 | F25: 건강즙·차·음료 | G25: 냉장고 또는 상온 음료, 별도 검토 | I25: 초도 비권장 | K25: 식품 후보·유형 확인 | M25: N | N25: 예 | O25: =SUMIFS('05_상품별배치367'!$K$7:$K$373,'05_상품별배치367'!$E$7:$E$373,A25,'05_상품별배치367'!$H$7:$H$373,"본진") -> 0 | P25: =SUMIFS('05_상품별배치367'!$K$7:$K$373,'05_상품별배치367'!$E$7:$E$373,A25,'05_상품별배치367'!$H$7:$H$373,"추가 진열") -> 0 | Q25: =O25+P25 -> 0 | R25: 0 | S25: 약국의 핵심 상담 구색 대비 우선순위 낮음. 인접 뷰티·일반 소매와 역할 중복 및 재고 분산 검토. | T25: 원본명 참고·브랜드 대조 | Y25: 소매 단위·구성 대조 | AA25: 미확정
A26: pd0000369 | B26: 371 | C26: CJ제일제당 얼티브 파로두유 저당 190ML | D26: 190ML*24EA | E26: 식음료 | F26: 건강즙·차·음료 | G26: 냉장고 또는 상온 음료, 별도 검토 | I26: 초도 비권장 | K26: 식품 후보·유형 확인 | M26: N | N26: 예 | O26: =SUMIFS('05_상품별배치367'!$K$7:$K$373,'05_상품별배치367'!$E$7:$E$373,A26,'05_상품별배치367'!$H$7:$H$373,"본진") -> 0 | P26: =SUMIFS('05_상품별배치367'!$K$7:$K$373,'05_상품별배치367'!$E$7:$E$373,A26,'05_상품별배치367'!$H$7:$H$373,"추가 진열") -> 0 | Q26: =O26+P26 -> 0 | R26: 0 | S26: 약국의 핵심 상담 구색 대비 우선순위 낮음. 인접 뷰티·일반 소매와 역할 중복 및 재고 분산 검토. | T26: 원본명 참고·브랜드 대조 | Y26: 소매 단위·구성 대조 | AA26: 미확정
... A31: pd0000375 | B31: 377 | C31: CJ제일제당 햇반/파로누룽지차 500ML | D31: 500ML | E31: 식음료 | F31: 건강즙·차·음료 | G31: 냉장고 또는 상온 음료, 별도 검토 | I31: 초도 비권장 | K31: 식품 후보·유형 확인 | M31: N | N31: 예 | O31: =SUMIFS('05_상품별배치367'!$K$7:$K$373,'05_상품별배치367'!$E$7:$E$373,A31,'05_상품별배치367'!$H$7:$H$373,"본진") -> 0 | P31: =SUMIFS('05_상품별배치367'!$K$7:$K$373,'05_상품별배치367'!$E$7:$E$373,A31,'05_상품별배치367'!$H$7:$H$373,"추가 진열") -> 0 | Q31: =O31+P31 -> 0 | R31: 0 | S31: 약국의 핵심 상담 구색 대비 우선순위 낮음. 인접 뷰티·일반 소매와 역할 중복 및 재고 분산 검토. | T31: 원본명 참고·브랜드 대조 | Y31: 현행 공급·바코드 대조 | AA31: 미확정
A32: pd0000128 | B32: 130 | C32: COZA 코자아 | D32: 100ml | E32: 영양·이너뷰티 | F32: 수면 관련 식품 | G32: G3-U-3 | H32: G3-U-3/S4 | I32: 소량 시험 | K32: 식품·건기식·의약품 구분 대조 | M32: T | N32: 예 | O32: =SUMIFS('05_상품별배치367'!$K$7:$K$373,'05_상품별배치367'!$E$7:$E$373,A32,'05_상품별배치367'!$H$7:$H$373,"본진") -> 1 | P32: =SUMIFS('05_상품별배치367'!$K$7:$K$373,'05_상품별배치367'!$E$7:$E$373,A32,'05_상품별배치367'!$H$7:$H$373,"추가 진열") -> 0 | Q32: =O32+P32 -> 1 | R32: 1 | S32: 신성분·필링·수면 식품 등 소수 시험. 상담·반응을 기록해 확대 여부 결정. | T32: 원본명 참고·브랜드 대조 | Y32: 현행 공급·바코드 대조 | AA32: 미확정
A33: pd0002449 | B33: 2437 | C33: Dark Spot Set | D33: 1set | E33: 운영·확인 | F33: 테스트·증정·구성 미확인 | G33: 상설 미배정 | I33: 판매 진열 제외 | K33: 제품 정보 확인 | L33: 매입가 0 의미 확인 / 분류·구성 수동 확인 | M33: N | N33: 아니오 | O33: =SUMIFS('05_상품별배치367'!$K$7:$K$373,'05_상품별배치367'!$E$7:$E$373,A33,'05_상품별배치367'!$H$7:$H$373,"본진") -> 0 | P33: =SUMIFS('05_상품별배치367'!$K$7:$K$373,'05_상품별배치367'!$E$7:$E$373,A33,'05_상품별배치367'!$H$7:$H$373,"추가 진열") -> 0 | Q33: =O33+P33 -> 0 | R33: 0 | S33: 테스트·증정 또는 매장 소모품. 운영 구매는 별도 검토. | T33: 원본명 참고·브랜드 대조 | Y33: 현행 공급·바코드 대조 | AA33: 미확정
A34: pd0001431 | B34: 1432 | C34: DMCK PLLA 더마 부스터 앰플 7ml 8P | D34: 7ml * 8p | E34: 스킨케어 | F34: 기초 스킨케어·세부목적 확인 | G34: 상설 미배정 | I34: 확인 후 검토 | K34: 화장품 후보·표시 확인 | L34: / 세부 사용목적 확인 | M34: H | N34: 아니오 | O34: =SUMIFS('05_상품별배치367'!$K$7:$K$373,'05_상품별배치367'!$E$7:$E$373,A34,'05_상품별배치367'!$H$7:$H$373,"본진") -> 0 | P34: =SUMIFS('05_상품별배치367'!$K$7:$K$373,'05_상품별배치367'!$E$7:$E$373,A34,'05_상품별배치367'!$H$7:$H$373,"추가 진열") -> 0 | Q34: =O34+P34 -> 0 | R34: 0 | S34: 세부 목적·법적 분류 또는 소매 규격 확인 전 취급·페이싱을 보류. | T34: 원본명 참고·브랜드 대조 | Y34: 소매 단위·구성 대조 | AA34: 미확정
A35: pd0001432 | B35: 1433 | C35: DMCK PLLA 더마 부스터 크림 50g | D35: 50g | E35: 스킨케어 | F35: 기초 스킨케어·세부목적 확인 | G35: 상설 미배정 | I35: 확인 후 검토 | K35: 화장품 후보·표시 확인 | L35: / 세부 사용목적 확인 | M35: H | N35: 아니오 | O35: =SUMIFS('05_상품별배치367'!$K$7:$K$373,'05_상품별배치367'!$E$7:$E$373,A35,'05_상품별배치367'!$H$7:$H$373,"본진") -> 0 | P35: =SUMIFS('05_상품별배치367'!$K$7:$K$373,'05_상품별배치367'!$E$7:$E$373,A35,'05_상품별배치367'!$H$7:$H$373,"추가 진열") -> 0 | Q35: =O35+P35 -> 0 | R35: 0 | S35: 세부 목적·법적 분류 또는 소매 규격 확인 전 취급·페이싱을 보류. | T35: 원본명 참고·브랜드 대조 | Y35: 현행 공급·바코드 대조 | AA35: 미확정
A36: pd0001429 | B36: 1430 | C36: DMCK PN PDRN 더마 부스터 앰플 7ml 8P | D36: 7ml * 8p | E36: 스킨케어 | F36: PDRN 스킨케어 | G36: G5-D | I36: 대체 후보 | K36: 화장품 후보·표시 확인 | M36: C | N36: 아니오 | O36: =SUMIFS('05_상품별배치367'!$K$7:$K$373,'05_상품별배치367'!$E$7:$E$373,A36,'05_상품별배치367'!$H$7:$H$373,"본진") -> 0 | P36: =SUMIFS('05_상품별배치367'!$K$7:$K$373,'05_상품별배치367'!$E$7:$E$373,A36,'05_상품별배치367'!$H$7:$H$373,"추가 진열") -> 0 | Q36: =O36+P36 -> 0 | R36: 1 | S36: PDRN 스킨케어 기본 선정품의 대안. 동시 입고보다 가격·제형·공급 차이가 있을 때 교체. | T36: 원본명 참고·브랜드 대조 | Y36: 소매 단위·구성 대조 | AA36: 미확정
A37: pd0001430 | B37: 1431 | C37: DMCK PN PDRN 더마 부스터 크림 50g | D37: 50g | E37: 스킨케어 | F37: PDRN 스킨케어 | G37: G5-D | I37: 대체 후보 | K37: 화장품 후보·표시 확인 | M37: C | N37: 아니오 | O37: =SUMIFS('05_상품별배치367'!$K$7:$K$373,'05_상품별배치367'!$E$7:$E$373,A37,'05_상품별배치367'!$H$7:$H$373,"본진") -> 0 | P37: =SUMIFS('05_상품별배치367'!$K$7:$K$373,'05_상품별배치367'!$E$7:$E$373,A37,'05_상품별배치367'!$H$7:$H$373,"추가 진열") -> 0 | Q37: =O37+P37 -> 0 | R37: 1 | S37: PDRN 스킨케어 기본 선정품의 대안. 동시 입고보다 가격·제형·공급 차이가 있을 때 교체. | T37: 원본명 참고·브랜드 대조 | Y37: 현행 공급·바코드 대조 | AA37: 미확정
A38: pd0001433 | B38: 1434 | C38: DMCK 더마 MD 크림 100g | D38: 100g | E38: 스킨케어 | F38: 기초 스킨케어·세부목적 확인 | G38: 상설 미배정 | I38: 확인 후 검토 | K38: 화장품 후보·표시 확인 | L38: / 세부 사용목적 확인 | M38: H | N38: 아니오 | O38: =SUMIFS('05_상품별배치367'!$K$7:$K$373,'05_상품별배치367'!$E$7:$E$373,A38,'05_상품별배치367'!$H$7:$H$373,"본진") -> 0 | P38: =SUMIFS('05_상품별배치367'!$K$7:$K$373,'05_상품별배치367'!$E$7:$E$373,A38,'05_상품별배치367'!$H$7:$H$373,"추가 진열") -> 0 | Q38: =O38+P38 -> 0 | R38: 0 | S38: 세부 목적·법적 분류 또는 소매 규격 확인 전 취급·페이싱을 보류. | T38: 원본명 참고·브랜드 대조 | Y38: 현행 공급·바코드 대조 | AA38: 미확정
A39: pd0001428 | B39: 1429 | C39: DMCK 엑토인 2% 더마 부스터 앰플 50ml | D39: 50ml | E39: 스킨케어 | F39: 수분 스킨케어 | G39: G5-U-3 | I39: 대체 후보 | K39: 화장품 후보·표시 확인 | M39: C | N39: 아니오 | O39: =SUMIFS('05_상품별배치367'!$K$7:$K$373,'05_상품별배치367'!$E$7:$E$373,A39,'05_상품별배치367'!$H$7:$H$373,"본진") -> 0 | P39: =SUMIFS('05_상품별배치367'!$K$7:$K$373,'05_상품별배치367'!$E$7:$E$373,A39,'05_상품별배치367'!$H$7:$H$373,"추가 진열") -> 0 | Q39: =O39+P39 -> 0 | R39: 1 | S39: 수분 스킨케어 기본 선정품의 대안. 동시 입고보다 가격·제형·공급 차이가 있을 때 교체. | T39: 원본명 참고·브랜드 대조 | Y39: 현행 공급·바코드 대조 | AA39: 미확정
A40: pd0001434 | B40: 1435 | C40: DMCK 엑토인 9% 더마 부스터 앰플 7ml 8P | D40: 7ml * 8p | E40: 스킨케어 | F40: 수분 스킨케어 | G40: G5-U-3 | I40: 대체 후보 | K40: 화장품 후보·표시 확인 | M40: C | N40: 아니오 | O40: =SUMIFS('05_상품별배치367'!$K$7:$K$373,'05_상품별배치367'!$E$7:$E$373,A40,'05_상품별배치367'!$H$7:$H$373,"본진") -> 0 | P40: =SUMIFS('05_상품별배치367'!$K$7:$K$373,'05_상품별배치367'!$E$7:$E$373,A40,'05_상품별배치367'!$H$7:$H$373,"추가 진열") -> 0 | Q40: =O40+P40 -> 0 | R40: 1 | S40: 수분 스킨케어 기본 선정품의 대안. 동시 입고보다 가격·제형·공급 차이가 있을 때 교체. | T40: 원본명 참고·브랜드 대조 | Y40: 소매 단위·구성 대조 | AA40: 미확정
A41: pd0001921 | B41: 1920 | C41: D-판테놀연고 | D41: 50g | E41: 피부 상담약 | F41: 건조·각화 외용제 | G41: G2-U-2 | H41: G2-U-2/S2 | I41: 오픈 핵심 | K41: 의약품 후보·허가 대조 | L41: 매입가 0 의미 확인 | M41: A | N41: 예 | O41: =SUMIFS('05_상품별배치367'!$K$7:$K$373,'05_상품별배치367'!$E$7:$E$373,A41,'05_상품별배치367'!$H$7:$H$373,"본진") -> 2 | P41: =SUMIFS('05_상품별배치367'!$K$7:$K$373,'05_상품별배치367'!$E$7:$E$373,A41,'05_상품별배치367'!$H$7:$H$373,"추가 진열") -> 0 | Q41: =O41+P41 -> 2 | R41: 2 | S41: 기존 핵심 수요 또는 약국 기본 상담 구색. 우선 도입 제안. | T41: 원본명 참고·브랜드 대조 | Y41: 현행 공급·바코드 대조 | AA41: 미확정
A42: pd0001074 | B42: 1075 | C42: EOA NAD+리프팅 하이드로겔 마스크 4매입 | D42: 4ea | E42: 스킨케어 | F42: 신성분 스킨케어 | G42: B8 | I42: 대체 후보 | K42: 화장품 후보·표시 확인 | M42: C | N42: 아니오 | O42: =SUMIFS('05_상품별배치367'!$K$7:$K$373,'05_상품별배치367'!$E$7:$E$373,A42,'05_상품별배치367'!$H$7:$H$373,"본진") -> 0 | P42: =SUMIFS('05_상품별배치367'!$K$7:$K$373,'05_상품별배치367'!$E$7:$E$373,A42,'05_상품별배치367'!$H$7:$H$373,"추가 진열") -> 0 | Q42: =O42+P42 -> 0 | R42: 1 | S42: 신성분 스킨케어 기본 선정품의 대안. 동시 입고보다 가격·제형·공급 차이가 있을 때 교체. | T42: 원본명 참고·브랜드 대조 | Y42: 소매 단위·구성 대조 | AA42: 미확정
A43: pd0001076 | B43: 1077 | C43: EOA PowerGF 리페어 카밍 크림 | D43: 55g | E43: 스킨케어 | F43: 진정 스킨케어 | G43: G5-U-2 | I43: 대체 후보 | K43: 화장품 후보·표시 확인 | M43: C | N43: 아니오 | O43: =SUMIFS('05_상품별배치367'!$K$7:$K$373,'05_상품별배치367'!$E$7:$E$373,A43,'05_상품별배치367'!$H$7:$H$373,"본진") -> 0 | P43: =SUMIFS('05_상품별배치367'!$K$7:$K$373,'05_상품별배치367'!$E$7:$E$373,A43,'05_상품별배치367'!$H$7:$H$373,"추가 진열") -> 0 | Q43: =O43+P43 -> 0 | R43: 1 | S43: 진정 스킨케어 기본 선정품의 대안. 동시 입고보다 가격·제형·공급 차이가 있을 때 교체. | T43: 원본명 참고·브랜드 대조 | Y43: 현행 공급·바코드 대조 | AA43: 미확정
A44: pd0001077 | B44: 1078 | C44: EOA PowerGF 링클 포어 플럼핑 미스트 | D44: 80ml | E44: 스킨케어 | F44: 피지·모공 스킨케어 | G44: G1-D-3 | I44: 대체 후보 | K44: 화장품 후보·표시 확인 | M44: C | N44: 아니오 | O44: =SUMIFS('05_상품별배치367'!$K$7:$K$373,'05_상품별배치367'!$E$7:$E$373,A44,'05_상품별배치367'!$H$7:$H$373,"본진") -> 0 | P44: =SUMIFS('05_상품별배치367'!$K$7:$K$373,'05_상품별배치367'!$E$7:$E$373,A44,'05_상품별배치367'!$H$7:$H$373,"추가 진열") -> 0 | Q44: =O44+P44 -> 0 | R44: 1 | S44: 피지·모공 스킨케어 기본 선정품의 대안. 동시 입고보다 가격·제형·공급 차이가 있을 때 교체. | T44: 원본명 참고·브랜드 대조 | Y44: 현행 공급·바코드 대조 | AA44: 미확정
A45: pd0001075 | B45: 1076 | C45: EOA PowerGF 타이트 샷 앰플 | D45: 30ml | E45: 스킨케어 | F45: 기초 스킨케어·세부목적 확인 | G45: 상설 미배정 | I45: 확인 후 검토 | K45: 화장품 후보·표시 확인 | L45: / 세부 사용목적 확인 | M45: H | N45: 아니오 | O45: =SUMIFS('05_상품별배치367'!$K$7:$K$373,'05_상품별배치367'!$E$7:$E$373,A45,'05_상품별배치367'!$H$7:$H$373,"본진") -> 0 | P45: =SUMIFS('05_상품별배치367'!$K$7:$K$373,'05_상품별배치367'!$E$7:$E$373,A45,'05_상품별배치367'!$H$7:$H$373,"추가 진열") -> 0 | Q45: =O45+P45 -> 0 | R45: 0 | S45: 세부 목적·법적 분류 또는 소매 규격 확인 전 취급·페이싱을 보류. | T45: 원본명 참고·브랜드 대조 | Y45: 현행 공급·바코드 대조 | AA45: 미확정
A46: pd0001078 | B46: 1079 | C46: EOA 콜라겐 시너지 부스팅젤 200ml | D46: 200ml | E46: 스킨케어 | F46: 탄력·주름 스킨케어 | G46: G5-D-2 | I46: 대체 후보 | K46: 화장품 후보·표시 확인 | M46: C | N46: 아니오 | O46: =SUMIFS('05_상품별배치367'!$K$7:$K$373,'05_상품별배치367'!$E$7:$E$373,A46,'05_상품별배치367'!$H$7:$H$373,"본진") -> 0 | P46: =SUMIFS('05_상품별배치367'!$K$7:$K$373,'05_상품별배치367'!$E$7:$E$373,A46,'05_상품별배치367'!$H$7:$H$373,"추가 진열") -> 0 | Q46: =O46+P46 -> 0 | R46: 1 | S46: 탄력·주름 스킨케어 기본 선정품의 대안. 동시 입고보다 가격·제형·공급 차이가 있을 때 교체. | T46: 원본명 참고·브랜드 대조 | Y46: 현행 공급·바코드 대조 | AA46: 미확정
A47: pd0001073 | B47: 1074 | C47: EOA 풀써마 프로 | D47: 1ea | E47: 도구·기기 | F47: 미용·건강 기기 | G47: 상설 미배정 | I47: 초도 비권장 | K47: 품목별 표시 확인 | L47: 실물 규격 확인 | M47: N | N47: 아니오 | O47: =SUMIFS('05_상품별배치367'!$K$7:$K$373,'05_상품별배치367'!$E$7:$E$373,A47,'05_상품별배치367'!$H$7:$H$373,"본진") -> 0 | P47: =SUMIFS('05_상품별배치367'!$K$7:$K$373,'05_상품별배치367'!$E$7:$E$373,A47,'05_상품별배치367'!$H$7:$H$373,"추가 진열") -> 0 | Q47: =O47+P47 -> 0 | R47: 0 | S47: 약국의 핵심 상담 구색 대비 우선순위 낮음. 인접 뷰티·일반 소매와 역할 중복 및 재고 분산 검토. | T47: 원본명 참고·브랜드 대조 | Y47: 소매 단위·구성 대조 | AA47: 미확정
A48: pd0001072 | B48: 1073 | C48: EOA 풀쎄라 프로 | D48: 1ea | E48: 도구·기기 | F48: 미용·건강 기기 | G48: 상설 미배정 | I48: 초도 비권장 | K48: 품목별 표시 확인 | L48: 실물 규격 확인 | M48: N | N48: 아니오 | O48: =SUMIFS('05_상품별배치367'!$K$7:$K$373,'05_상품별배치367'!$E$7:$E$373,A48,'05_상품별배치367'!$H$7:$H$373,"본진") -> 0 | P48: =SUMIFS('05_상품별배치367'!$K$7:$K$373,'05_상품별배치367'!$E$7:$E$373,A48,'05_상품별배치367'!$H$7:$H$373,"추가 진열") -> 0 | Q48: =O48+P48 -> 0 | R48: 0 | S48: 약국의 핵심 상담 구색 대비 우선순위 낮음. 인접 뷰티·일반 소매와 역할 중복 및 재고 분산 검토. | T48: 원본명 참고·브랜드 대조 | Y48: 소매 단위·구성 대조 | AA48: 미확정
A49: pd0001071 | B49: 1072 | C49: EOA 풀텐자 | D49: 1ea | E49: 도구·기기 | F49: 미용·건강 기기 | G49: 상설 미배정 | I49: 초도 비권장 | K49: 품목별 표시 확인 | L49: 실물 규격 확인 | M49: N | N49: 아니오 | O49: =SUMIFS('05_상품별배치367'!$K$7:$K$373,'05_상품별배치367'!$E$7:$E$373,A49,'05_상품별배치367'!$H$7:$H$373,"본진") -> 0 | P49: =SUMIFS('05_상품별배치367'!$K$7:$K$373,'05_상품별배치367'!$E$7:$E$373,A49,'05_상품별배치367'!$H$7:$H$373,"추가 진열") -> 0 | Q49: =O49+P49 -> 0 | R49: 0 | S49: 약국의 핵심 상담 구색 대비 우선순위 낮음. 인접 뷰티·일반 소매와 역할 중복 및 재고 분산 검토. | T49: 원본명 참고·브랜드 대조 | Y49: 소매 단위·구성 대조 | AA49: 미확정
A50: pd0000973 | B50: 974 | C50: ESOMI UV 프로텍션 선스크린 | D50: 50 ml | E50: 클렌징·선케어·팩 | F50: 자외선차단 | G50: G3-D-3 | I50: 대체 후보 | K50: 화장품 후보·표시 확인 | M50: C | N50: 아니오 | O50: =SUMIFS('05_상품별배치367'!$K$7:$K$373,'05_상품별배치367'!$E$7:$E$373,A50,'05_상품별배치367'!$H$7:$H$373,"본진") -> 0 | P50: =SUMIFS('05_상품별배치367'!$K$7:$K$373,'05_상품별배치367'!$E$7:$E$373,A50,'05_상품별배치367'!$H$7:$H$373,"추가 진열") -> 0 | Q50: =O50+P50 -> 0 | R50: 1 | S50: 자외선차단 기본 선정품의 대안. 동시 입고보다 가격·제형·공급 차이가 있을 때 교체. | T50: 원본명 참고·브랜드 대조 | Y50: 현행 공급·바코드 대조 | AA50: 미확정
A51: pd0000974 | B51: 975 | C51: ESOMI 로즈 앤 밤부 휘핑 팩클렌저 | D51: 100 ml | E51: 클렌징·선케어·팩 | F51: 세안제·클렌징 | G51: G1-U-1 | I51: 대체 후보 | K51: 화장품 후보·표시 확인 | M51: C | N51: 아니오 | O51: =SUMIFS('05_상품별배치367'!$K$7:$K$373,'05_상품별배치367'!$E$7:$E$373,A51,'05_상품별배치367'!$H$7:$H$373,"본진") -> 0 | P51: =SUMIFS('05_상품별배치367'!$K$7:$K$373,'05_상품별배치367'!$E$7:$E$373,A51,'05_상품별배치367'!$H$7:$H$373,"추가 진열") -> 0 | Q51: =O51+P51 -> 0 | R51: 1 | S51: 세안제·클렌징 기본 선정품의 대안. 동시 입고보다 가격·제형·공급 차이가 있을 때 교체. | T51: 원본명 참고·브랜드 대조 | Y51: 현행 공급·바코드 대조 | AA51: 미확정
A52: pd0000975 | B52: 976 | C52: ESOMI 엑소 리뉴 글로우 세럼 (워시오프) | D52: 50ml | E52: 클렌징·선케어·팩 | F52: 세안제·클렌징 | G52: G1-U-1 | I52: 대체 후보 | K52: 화장품 후보·표시 확인 | M52: C | N52: 아니오 | O52: =SUMIFS('05_상품별배치367'!$K$7:$K$373,'05_상품별배치367'!$E$7:$E$373,A52,'05_상품별배치367'!$H$7:$H$373,"본진") -> 0 | P52: =SUMIFS('05_상품별배치367'!$K$7:$K$373,'05_상품별배치367'!$E$7:$E$373,A52,'05_상품별배치367'!$H$7:$H$373,"추가 진열") -> 0 | Q52: =O52+P52 -> 0 | R52: 1 | S52: 세안제·클렌징 기본 선정품의 대안. 동시 입고보다 가격·제형·공급 차이가 있을 때 교체. | T52: 원본명 참고·브랜드 대조 | Y52: 현행 공급·바코드 대조 | AA52: 미확정
A53: pd0000972 | B53: 973 | C53: ESOMI 저분자 콜라겐 스킨밤 | D53: 200 ml | E53: 스킨케어 | F53: 탄력·주름 스킨케어 | G53: G5-D-2 | I53: 대체 후보 | K53: 화장품 후보·표시 확인 | M53: C | N53: 아니오 | O53: =SUMIFS('05_상품별배치367'!$K$7:$K$373,'05_상품별배치367'!$E$7:$E$373,A53,'05_상품별배치367'!$H$7:$H$373,"본진") -> 0 | P53: =SUMIFS('05_상품별배치367'!$K$7:$K$373,'05_상품별배치367'!$E$7:$E$373,A53,'05_상품별배치367'!$H$7:$H$373,"추가 진열") -> 0 | Q53: =O53+P53 -> 0 | R53: 1 | S53: 탄력·주름 스킨케어 기본 선정품의 대안. 동시 입고보다 가격·제형·공급 차이가 있을 때 교체. | T53: 원본명 참고·브랜드 대조 | Y53: 현행 공급·바코드 대조 | AA53: 미확정
A54: pd0002455 | B54: 2440 | C54: Hair Growth Set | D54: 1set | E54: 운영·확인 | F54: 테스트·증정·구성 미확인 | G54: 상설 미배정 | I54: 판매 진열 제외 | K54: 제품 정보 확인 | L54: 매입가 0 의미 확인 / 분류·구성 수동 확인 | M54: N | N54: 아니오 | O54: =SUMIFS('05_상품별배치367'!$K$7:$K$373,'05_상품별배치367'!$E$7:$E$373,A54,'05_상품별배치367'!$H$7:$H$373,"본진") -> 0 | P54: =SUMIFS('05_상품별배치367'!$K$7:$K$373,'05_상품별배치367'!$E$7:$E$373,A54,'05_상품별배치367'!$H$7:$H$373,"추가 진열") -> 0 | Q54: =O54+P54 -> 0 | R54: 0 | S54: 테스트·증정 또는 매장 소모품. 운영 구매는 별도 검토. | T54: 원본명 참고·브랜드 대조 | Y54: 현행 공급·바코드 대조 | AA54: 미확정
A55: pd0002453 | B55: 2439 | C55: K-pharmacy Set | D55: 1set | E55: 운영·확인 | F55: 테스트·증정·구성 미확인 | G55: 상설 미배정 | I55: 판매 진열 제외 | K55: 제품 정보 확인 | L55: 매입가 0 의미 확인 / 분류·구성 수동 확인 | M55: N | N55: 아니오 | O55: =SUMIFS('05_상품별배치367'!$K$7:$K$373,'05_상품별배치367'!$E$7:$E$373,A55,'05_상품별배치367'!$H$7:$H$373,"본진") -> 0 | P55: =SUMIFS('05_상품별배치367'!$K$7:$K$373,'05_상품별배치367'!$E$7:$E$373,A55,'05_상품별배치367'!$H$7:$H$373,"추가 진열") -> 0 | Q55: =O55+P55 -> 0 | R55: 0 | S55: 테스트·증정 또는 매장 소모품. 운영 구매는 별도 검토. | T55: 원본명 참고·브랜드 대조 | Y55: 현행 공급·바코드 대조 | AA55: 미확정
A56: pd0002458 | B56: 2443 | C56: Moisturizer Set | D56: 1set | E56: 운영·확인 | F56: 테스트·증정·구성 미확인 | G56: 상설 미배정 | I56: 판매 진열 제외 | K56: 제품 정보 확인 | L56: 매입가 0 의미 확인 / 분류·구성 수동 확인 | M56: N | N56: 아니오 | O56: =SUMIFS('05_상품별배치367'!$K$7:$K$373,'05_상품별배치367'!$E$7:$E$373,A56,'05_상품별배치367'!$H$7:$H$373,"본진") -> 0 | P56: =SUMIFS('05_상품별배치367'!$K$7:$K$373,'05_상품별배치367'!$E$7:$E$373,A56,'05_상품별배치367'!$H$7:$H$373,"추가 진열") -> 0 | Q56: =O56+P56 -> 0 | R56: 0 | S56: 테스트·증정 또는 매장 소모품. 운영 구매는 별도 검토. | T56: 원본명 참고·브랜드 대조 | Y56: 현행 공급·바코드 대조 | AA56: 미확정
A57: pd0000094 | B57: 96 | C57: NEW 컨디션 스틱 젤리 제로(망고맛/행오버/숙취개선효과) | D57: 18g*10P | E57: 식음료 | F57: 숙취 관련 식품 | G57: 상설 미배정 | I57: 대체 후보 | K57: 식품 후보·유형 확인 | M57: C | N57: 예 | O57: =SUMIFS('05_상품별배치367'!$K$7:$K$373,'05_상품별배치367'!$E$7:$E$373,A57,'05_상품별배치367'!$H$7:$H$373,"본진") -> 0 | P57: =SUMIFS('05_상품별배치367'!$K$7:$K$373,'05_상품별배치367'!$E$7:$E$373,A57,'05_상품별배치367'!$H$7:$H$373,"추가 진열") -> 0 | Q57: =O57+P57 -> 0 | R57: 1 | S57: 숙취 관련 식품 기본 선정품의 대안. 동시 입고보다 가격·제형·공급 차이가 있을 때 교체. | T57: 원본명 참고·브랜드 대조 | Y57: 소매 단위·구성 대조 | AA57: 미확정
A58: pd0000093 | B58: 95 | C58: NEW 컨디션 스틱 젤리 제로(컨디션맛/행오버/숙취개선효과) | D58: 18g*10P | E58: 식음료 | F58: 숙취 관련 식품 | G58: 상설 미배정 | I58: 대체 후보 | K58: 식품 후보·유형 확인 | M58: C | N58: 예 | O58: =SUMIFS('05_상품별배치367'!$K$7:$K$373,'05_상품별배치367'!$E$7:$E$373,A58,'05_상품별배치367'!$H$7:$H$373,"본진") -> 0 | P58: =SUMIFS('05_상품별배치367'!$K$7:$K$373,'05_상품별배치367'!$E$7:$E$373,A58,'05_상품별배치367'!$H$7:$H$373,"추가 진열") -> 0 | Q58: =O58+P58 -> 0 | R58: 1 | S58: 숙취 관련 식품 기본 선정품의 대안. 동시 입고보다 가격·제형·공급 차이가 있을 때 교체. | T58: 원본명 참고·브랜드 대조 | Y58: 소매 단위·구성 대조 | AA58: 미확정
A59: pd0002448 | B59: 2436 | C59: PDRN Rejuvenating Set | D59: 1set | E59: 운영·확인 | F59: 테스트·증정·구성 미확인 | G59: 상설 미배정 | I59: 판매 진열 제외 | K59: 제품 정보 확인 | L59: 매입가 0 의미 확인 / 분류·구성 수동 확인 | M59: N | N59: 아니오 | O59: =SUMIFS('05_상품별배치367'!$K$7:$K$373,'05_상품별배치367'!$E$7:$E$373,A59,'05_상품별배치367'!$H$7:$H$373,"본진") -> 0 | P59: =SUMIFS('05_상품별배치367'!$K$7:$K$373,'05_상품별배치367'!$E$7:$E$373,A59,'05_상품별배치367'!$H$7:$H$373,"추가 진열") -> 0 | Q59: =O59+P59 -> 0 | R59: 0 | S59: 테스트·증정 또는 매장 소모품. 운영 구매는 별도 검토. | T59: 원본명 참고·브랜드 대조 | Y59: 현행 공급·바코드 대조 | AA59: 미확정
A60: pd0002445 | B60: 2433 | C60: pore care set | D60: 1set | E60: 운영·확인 | F60: 테스트·증정·구성 미확인 | G60: 상설 미배정 | I60: 판매 진열 제외 | K60: 제품 정보 확인 | L60: 매입가 0 의미 확인 / 분류·구성 수동 확인 | M60: N | N60: 아니오 | O60: =SUMIFS('05_상품별배치367'!$K$7:$K$373,'05_상품별배치367'!$E$7:$E$373,A60,'05_상품별배치367'!$H$7:$H$373,"본진") -> 0 | P60: =SUMIFS('05_상품별배치367'!$K$7:$K$373,'05_상품별배치367'!$E$7:$E$373,A60,'05_상품별배치367'!$H$7:$H$373,"추가 진열") -> 0 | Q60: =O60+P60 -> 0 | R60: 0 | S60: 테스트·증정 또는 매장 소모품. 운영 구매는 별도 검토. | T60: 원본명 참고·브랜드 대조 | Y60: 현행 공급·바코드 대조 | AA60: 미확정
A61: pd0000317 | B61: 319 | C61: SC인터내셔널 그린피 30g | D61: 30g | E61: 식음료 | F61: 캔디·간식 | G61: 상설 미배정 | I61: 초도 비권장 | K61: 식품 후보·유형 확인 | M61: N | N61: 아니오 | O61: =SUMIFS('05_상품별배치367'!$K$7:$K$373,'05_상품별배치367'!$E$7:$E$373,A61,'05_상품별배치367'!$H$7:$H$373,"본진") -> 0 | P61: =SUMIFS('05_상품별배치367'!$K$7:$K$373,'05_상품별배치367'!$E$7:$E$373,A61,'05_상품별배치367'!$H$7:$H$373,"추가 진열") -> 0 | Q61: =O61+P61 -> 0 | R61: 0 | S61: 약국의 핵심 상담 구색 대비 우선순위 낮음. 인접 뷰티·일반 소매와 역할 중복 및 재고 분산 검토. | T61: 원본명 참고·브랜드 대조 | Y61: 현행 공급·바코드 대조 | AA61: 미확정
A62: pd0000318 | B62: 320 | C62: SC인터내셔널 딸기 토스트 크래커 210g | D62: 210g | E62: 식음료 | F62: 캔디·간식 | G62: 상설 미배정 | I62: 초도 비권장 | K62: 식품 후보·유형 확인 | M62: N | N62: 아니오 | O62: =SUMIFS('05_상품별배치367'!$K$7:$K$373,'05_상품별배치367'!$E$7:$E$373,A62,'05_상품별배치367'!$H$7:$H$373,"본진") -> 0 | P62: =SUMIFS('05_상품별배치367'!$K$7:$K$373,'05_상품별배치367'!$E$7:$E$373,A62,'05_상품별배치367'!$H$7:$H$373,"추가 진열") -> 0 | Q62: =O62+P62 -> 0 | R62: 0 | S62: 약국의 핵심 상담 구색 대비 우선순위 낮음. 인접 뷰티·일반 소매와 역할 중복 및 재고 분산 검토. | T62: 원본명 참고·브랜드 대조 | Y62: 현행 공급·바코드 대조 | AA62: 미확정
A63: pd0000313 | B63: 315 | C63: SC인터내셔널 말차콘 132g | D63: 132g | E63: 식음료 | F63: 캔디·간식 | G63: 상설 미배정 | I63: 초도 비권장 | K63: 식품 후보·유형 확인 | M63: N | N63: 아니오 | O63: =SUMIFS('05_상품별배치367'!$K$7:$K$373,'05_상품별배치367'!$E$7:$E$373,A63,'05_상품별배치367'!$H$7:$H$373,"본진") -> 0 | P63: =SUMIFS('05_상품별배치367'!$K$7:$K$373,'05_상품별배치367'!$E$7:$E$373,A63,'05_상품별배치367'!$H$7:$H$373,"추가 진열") -> 0 | Q63: =O63+P63 -> 0 | R63: 0 | S63: 약국의 핵심 상담 구색 대비 우선순위 낮음. 인접 뷰티·일반 소매와 역할 중복 및 재고 분산 검토. | T63: 원본명 참고·브랜드 대조 | Y63: 현행 공급·바코드 대조 | AA63: 미확정
A64: pd0000316 | B64: 318 | C64: SC인터내셔널 블랙트러플 감자 크래커 286g | D64: 286g | E64: 식음료 | F64: 캔디·간식 | G64: 상설 미배정 | I64: 초도 비권장 | K64: 식품 후보·유형 확인 | M64: N | N64: 아니오 | O64: =SUMIFS('05_상품별배치367'!$K$7:$K$373,'05_상품별배치367'!$E$7:$E$373,A64,'05_상품별배치367'!$H$7:$H$373,"본진") -> 0 | P64: =SUMIFS('05_상품별배치367'!$K$7:$K$373,'05_상품별배치367'!$E$7:$E$373,A64,'05_상품별배치367'!$H$7:$H$373,"추가 진열") -> 0 | Q64: =O64+P64 -> 0 | R64: 0 | S64: 약국의 핵심 상담 구색 대비 우선순위 낮음. 인접 뷰티·일반 소매와 역할 중복 및 재고 분산 검토. | T64: 원본명 참고·브랜드 대조 | Y64: 현행 공급·바코드 대조 | AA64: 미확정
A65: pd0000314 | B65: 316 | C65: SC인터내셔널 블랙트러플 하몽 크래커 319g | D65: 319g | E65: 식음료 | F65: 캔디·간식 | G65: 상설 미배정 | I65: 초도 비권장 | K65: 식품 후보·유형 확인 | M65: N | N65: 아니오 | O65: =SUMIFS('05_상품별배치367'!$K$7:$K$373,'05_상품별배치367'!$E$7:$E$373,A65,'05_상품별배치367'!$H$7:$H$373,"본진") -> 0 | P65: =SUMIFS('05_상품별배치367'!$K$7:$K$373,'05_상품별배치367'!$E$7:$E$373,A65,'05_상품별배치367'!$H$7:$H$373,"추가 진열") -> 0 | Q65: =O65+P65 -> 0 | R65: 0 | S65: 약국의 핵심 상담 구색 대비 우선순위 낮음. 인접 뷰티·일반 소매와 역할 중복 및 재고 분산 검토. | T65: 원본명 참고·브랜드 대조 | Y65: 현행 공급·바코드 대조 | AA65: 미확정
A66: pd0000319 | B66: 321 | C66: SC인터내셔널 블루베리 토스트 크래커 210g | D66: 210g | E66: 식음료 | F66: 캔디·간식 | G66: 상설 미배정 | I66: 초도 비권장 | K66: 식품 후보·유형 확인 | M66: N | N66: 아니오 | O66: =SUMIFS('05_상품별배치367'!$K$7:$K$373,'05_상품별배치367'!$E$7:$E$373,A66,'05_상품별배치367'!$H$7:$H$373,"본진") -> 0 | P66: =SUMIFS('05_상품별배치367'!$K$7:$K$373,'05_상품별배치367'!$E$7:$E$373,A66,'05_상품별배치367'!$H$7:$H$373,"추가 진열") -> 0 | Q66: =O66+P66 -> 0 | R66: 0 | S66: 약국의 핵심 상담 구색 대비 우선순위 낮음. 인접 뷰티·일반 소매와 역할 중복 및 재고 분산 검토. | T66: 원본명 참고·브랜드 대조 | Y66: 현행 공급·바코드 대조 | AA66: 미확정
A67: pd0000320 | B67: 322 | C67: SC인터내셔널 선식 크래커 블랙 200g | D67: 200g | E67: 식음료 | F67: 캔디·간식 | G67: 상설 미배정 | I67: 초도 비권장 | K67: 식품 후보·유형 확인 | M67: N | N67: 아니오 | O67: =SUMIFS('05_상품별배치367'!$K$7:$K$373,'05_상품별배치367'!$E$7:$E$373,A67,'05_상품별배치367'!$H$7:$H$373,"본진") -> 0 | P67: =SUMIFS('05_상품별배치367'!$K$7:$K$373,'05_상품별배치367'!$E$7:$E$373,A67,'05_상품별배치367'!$H$7:$H$373,"추가 진열") -> 0 | Q67: =O67+P67 -> 0 | R67: 0 | S67: 약국의 핵심 상담 구색 대비 우선순위 낮음. 인접 뷰티·일반 소매와 역할 중복 및 재고 분산 검토. | T67: 원본명 참고·브랜드 대조 | Y67: 현행 공급·바코드 대조 | AA67: 미확정
A68: pd0000321 | B68: 323 | C68: SC인터내셔널 스내픽 에어프리즈 초콜릿 16g | D68: 16g | E68: 식음료 | F68: 캔디·간식 | G68: 상설 미배정 | I68: 초도 비권장 | K68: 식품 후보·유형 확인 | M68: N | N68: 아니오 | O68: =SUMIFS('05_상품별배치367'!$K$7:$K$373,'05_상품별배치367'!$E$7:$E$373,A68,'05_상품별배치367'!$H$7:$H$373,"본진") -> 0 | P68: =SUMIFS('05_상품별배치367'!$K$7:$K$373,'05_상품별배치367'!$E$7:$E$373,A68,'05_상품별배치367'!$H$7:$H$373,"추가 진열") -> 0 | Q68: =O68+P68 -> 0 | R68: 0 | S68: 약국의 핵심 상담 구색 대비 우선순위 낮음. 인접 뷰티·일반 소매와 역할 중복 및 재고 분산 검토. | T68: 원본명 참고·브랜드 대조 | Y68: 현행 공급·바코드 대조 | AA68: 미확정
A69: pd0000312 | B69: 314 | C69: SC인터내셔널 피넛버터콘 132g | D69: 132g | E69: 식음료 | F69: 캔디·간식 | G69: 상설 미배정 | I69: 초도 비권장 | K69: 식품 후보·유형 확인 | M69: N | N69: 아니오 | O69: =SUMIFS('05_상품별배치367'!$K$7:$K$373,'05_상품별배치367'!$E$7:$E$373,A69,'05_상품별배치367'!$H$7:$H$373,"본진") -> 0 | P69: =SUMIFS('05_상품별배치367'!$K$7:$K$373,'05_상품별배치367'!$E$7:$E$373,A69,'05_상품별배치367'!$H$7:$H$373,"추가 진열") -> 0 | Q69: =O69+P69 -> 0 | R69: 0 | S69: 약국의 핵심 상담 구색 대비 우선순위 낮음. 인접 뷰티·일반 소매와 역할 중복 및 재고 분산 검토. | T69: 원본명 참고·브랜드 대조 | Y69: 현행 공급·바코드 대조 | AA69: 미확정
A70: pd0000315 | B70: 317 | C70: SC인터내셔널 흑마늘 감자 크래커 286g | D70: 286g | E70: 식음료 | F70: 캔디·간식 | G70: 상설 미배정 | I70: 초도 비권장 | K70: 식품 후보·유형 확인 | M70: N | N70: 아니오 | O70: =SUMIFS('05_상품별배치367'!$K$7:$K$373,'05_상품별배치367'!$E$7:$E$373,A70,'05_상품별배치367'!$H$7:$H$373,"본진") -> 0 | P70: =SUMIFS('05_상품별배치367'!$K$7:$K$373,'05_상품별배치367'!$E$7:$E$373,A70,'05_상품별배치367'!$H$7:$H$373,"추가 진열") -> 0 | Q70: =O70+P70 -> 0 | R70: 0 | S70: 약국의 핵심 상담 구색 대비 우선순위 낮음. 인접 뷰티·일반 소매와 역할 중복 및 재고 분산 검토. | T70: 원본명 참고·브랜드 대조 | Y70: 현행 공급·바코드 대조 | AA70: 미확정
A71: pd0000157 | B71: 159 | C71: STOM 식이섬유정 1000 | D71: 30g | E71: 식음료 | F71: 푸룬·식이섬유 식품 | G71: G4-D-2 | H71: G4-D-2/S4 | I71: 오픈 보완 | K71: 식품 후보·유형 확인 | M71: B | N71: 아니오 | O71: =SUMIFS('05_상품별배치367'!$K$7:$K$373,'05_상품별배치367'!$E$7:$E$373,A71,'05_상품별배치367'!$H$7:$H$373,"본진") -> 1 | P71: =SUMIFS('05_상품별배치367'!$K$7:$K$373,'05_상품별배치367'!$E$7:$E$373,A71,'05_상품별배치367'!$H$7:$H$373,"추가 진열") -> 0 | Q71: =O71+P71 -> 1 | R71: 1 | S71: 기본품과 다른 제형·부위·포장으로 선택 폭 보완. | T71: 원본명 참고·브랜드 대조 | Y71: 현행 공급·바코드 대조 | AA71: 미확정
A72: pd0000158 | B72: 160 | C72: STOM 이너카솔 | D72: 30g | E72: 영양·이너뷰티 | F72: 콜라겐·이너뷰티 | G72: G4-U-1 | I72: 대체 후보 | K72: 식품·건기식·의약품 구분 대조 | M72: C | N72: 아니오 | O72: =SUMIFS('05_상품별배치367'!$K$7:$K$373,'05_상품별배치367'!$E$7:$E$373,A72,'05_상품별배치367'!$H$7:$H$373,"본진") -> 0 | P72: =SUMIFS('05_상품별배치367'!$K$7:$K$373,'05_상품별배치367'!$E$7:$E$373,A72,'05_상품별배치367'!$H$7:$H$373,"추가 진열") -> 0 | Q72: =O72+P72 -> 0 | R72: 1 | S72: 콜라겐·이너뷰티 기본 선정품의 대안. 동시 입고보다 가격·제형·공급 차이가 있을 때 교체. | T72: 원본명 참고·브랜드 대조 | Y72: 현행 공급·바코드 대조 | AA72: 미확정
A73: pd0000486 | B73: 488 | C73: TS샴푸 더블랙17샴푸 500g | D73: 500g | E73: 바디·헤어·위생 | F73: 샴푸·두피 세정 | G73: G3-U-1 | I73: 대체 후보 | K73: 품목별 표시 확인 | M73: C | N73: 아니오 | O73: =SUMIFS('05_상품별배치367'!$K$7:$K$373,'05_상품별배치367'!$E$7:$E$373,A73,'05_상품별배치367'!$H$7:$H$373,"본진") -> 0 | P73: =SUMIFS('05_상품별배치367'!$K$7:$K$373,'05_상품별배치367'!$E$7:$E$373,A73,'05_상품별배치367'!$H$7:$H$373,"추가 진열") -> 0 | Q73: =O73+P73 -> 0 | R73: 1 | S73: 샴푸·두피 세정 기본 선정품의 대안. 동시 입고보다 가격·제형·공급 차이가 있을 때 교체. | T73: 원본명 참고·브랜드 대조 | Y73: 현행 공급·바코드 대조 | AA73: 미확정
A74: pd0000487 | B74: 489 | C74: TS샴푸 더블랙17토닉 80g | D74: 80g | E74: 바디·헤어·위생 | F74: 두피 화장품 | G74: G3-U-1 | I74: 대체 후보 | K74: 품목별 표시 확인 | M74: C | N74: 아니오 | O74: =SUMIFS('05_상품별배치367'!$K$7:$K$373,'05_상품별배치367'!$E$7:$E$373,A74,'05_상품별배치367'!$H$7:$H$373,"본진") -> 0 | P74: =SUMIFS('05_상품별배치367'!$K$7:$K$373,'05_상품별배치367'!$E$7:$E$373,A74,'05_상품별배치367'!$H$7:$H$373,"추가 진열") -> 0 | Q74: =O74+P74 -> 0 | R74: 1 | S74: 두피 화장품 기본 선정품의 대안. 동시 입고보다 가격·제형·공급 차이가 있을 때 교체. | T74: 원본명 참고·브랜드 대조 | Y74: 현행 공급·바코드 대조 | AA74: 미확정
A75: pd0000497 | B75: 499 | C75: TS샴푸 레드PDRN스칼프앰플500 15ml | D75: 15ml | E75: 바디·헤어·위생 | F75: 두피 화장품 | G75: G3-U-1 | I75: 대체 후보 | K75: 품목별 표시 확인 | M75: C | N75: 아니오 | O75: =SUMIFS('05_상품별배치367'!$K$7:$K$373,'05_상품별배치367'!$E$7:$E$373,A75,'05_상품별배치367'!$H$7:$H$373,"본진") -> 0 | P75: =SUMIFS('05_상품별배치367'!$K$7:$K$373,'05_상품별배치367'!$E$7:$E$373,A75,'05_상품별배치367'!$H$7:$H$373,"추가 진열") -> 0 | Q75: =O75+P75 -> 0 | R75: 1 | S75: 두피 화장품 기본 선정품의 대안. 동시 입고보다 가격·제형·공급 차이가 있을 때 교체. | T75: 원본명 참고·브랜드 대조 | Y75: 현행 공급·바코드 대조 | AA75: 미확정
A76: pd0000492 | B76: 494 | C76: TS샴푸 액티브올인원워시 300g | D76: 300g | E76: 바디·헤어·위생 | F76: 바디 세정 | G76: G1-U-3 | I76: 대체 후보 | K76: 품목별 표시 확인 | M76: C | N76: 아니오 | O76: =SUMIFS('05_상품별배치367'!$K$7:$K$373,'05_상품별배치367'!$E$7:$E$373,A76,'05_상품별배치367'!$H$7:$H$373,"본진") -> 0 | P76: =SUMIFS('05_상품별배치367'!$K$7:$K$373,'05_상품별배치367'!$E$7:$E$373,A76,'05_상품별배치367'!$H$7:$H$373,"추가 진열") -> 0 | Q76: =O76+P76 -> 0 | R76: 1 | S76: 바디 세정 기본 선정품의 대안. 동시 입고보다 가격·제형·공급 차이가 있을 때 교체. | T76: 원본명 참고·브랜드 대조 | Y76: 현행 공급·바코드 대조 | AA76: 미확정
A77: pd0000493 | B77: 495 | C77: TS샴푸 지디샴푸 400g | D77: 400g | E77: 바디·헤어·위생 | F77: 샴푸·두피 세정 | G77: G3-U-1 | I77: 대체 후보 | K77: 품목별 표시 확인 | M77: C | N77: 아니오 | O77: =SUMIFS('05_상품별배치367'!$K$7:$K$373,'05_상품별배치367'!$E$7:$E$373,A77,'05_상품별배치367'!$H$7:$H$373,"본진") -> 0 | P77: =SUMIFS('05_상품별배치367'!$K$7:$K$373,'05_상품별배치367'!$E$7:$E$373,A77,'05_상품별배치367'!$H$7:$H$373,"추가 진열") -> 0 | Q77: =O77+P77 -> 0 | R77: 1 | S77: 샴푸·두피 세정 기본 선정품의 대안. 동시 입고보다 가격·제형·공급 차이가 있을 때 교체. | T77: 원본명 참고·브랜드 대조 | Y77: 현행 공급·바코드 대조 | AA77: 미확정
A78: pd0000489 | B78: 491 | C78: TS샴푸 지디샴푸 800g | D78: 800g | E78: 바디·헤어·위생 | F78: 샴푸·두피 세정 | G78: G3-U-1 | I78: 대체 후보 | K78: 품목별 표시 확인 | M78: C | N78: 아니오 | O78: =SUMIFS('05_상품별배치367'!$K$7:$K$373,'05_상품별배치367'!$E$7:$E$373,A78,'05_상품별배치367'!$H$7:$H$373,"본진") -> 0 | P78: =SUMIFS('05_상품별배치367'!$K$7:$K$373,'05_상품별배치367'!$E$7:$E$373,A78,'05_상품별배치367'!$H$7:$H$373,"추가 진열") -> 0 | Q78: =O78+P78 -> 0 | R78: 1 | S78: 샴푸·두피 세정 기본 선정품의 대안. 동시 입고보다 가격·제형·공급 차이가 있을 때 교체. | T78: 원본명 참고·브랜드 대조 | Y78: 현행 공급·바코드 대조 | AA78: 미확정
A79: pd0000494 | B79: 496 | C79: TS샴푸 지디샴푸포걸 400g | D79: 400g | E79: 바디·헤어·위생 | F79: 샴푸·두피 세정 | G79: G3-U-1 | I79: 대체 후보 | K79: 품목별 표시 확인 | M79: C | N79: 아니오 | O79: =SUMIFS('05_상품별배치367'!$K$7:$K$373,'05_상품별배치367'!$E$7:$E$373,A79,'05_상품별배치367'!$H$7:$H$373,"본진") -> 0 | P79: =SUMIFS('05_상품별배치367'!$K$7:$K$373,'05_상품별배치367'!$E$7:$E$373,A79,'05_상품별배치367'!$H$7:$H$373,"추가 진열") -> 0 | Q79: =O79+P79 -> 0 | R79: 1 | S79: 샴푸·두피 세정 기본 선정품의 대안. 동시 입고보다 가격·제형·공급 차이가 있을 때 교체. | T79: 원본명 참고·브랜드 대조 | Y79: 현행 공급·바코드 대조 | AA79: 미확정
A80: pd0000490 | B80: 492 | C80: TS샴푸 지디샴푸포걸 800g | D80: 800g | E80: 바디·헤어·위생 | F80: 샴푸·두피 세정 | G80: G3-U-1 | I80: 대체 후보 | K80: 품목별 표시 확인 | M80: C | N80: 아니오 | O80: =SUMIFS('05_상품별배치367'!$K$7:$K$373,'05_상품별배치367'!$E$7:$E$373,A80,'05_상품별배치367'!$H$7:$H$373,"본진") -> 0 | P80: =SUMIFS('05_상품별배치367'!$K$7:$K$373,'05_상품별배치367'!$E$7:$E$373,A80,'05_상품별배치367'!$H$7:$H$373,"추가 진열") -> 0 | Q80: =O80+P80 -> 0 | R80: 1 | S80: 샴푸·두피 세정 기본 선정품의 대안. 동시 입고보다 가격·제형·공급 차이가 있을 때 교체. | T80: 원본명 참고·브랜드 대조 | Y80: 현행 공급·바코드 대조 | AA80: 미확정
A81: pd0000495 | B81: 497 | C81: TS샴푸 지디샴푸포보이 400g | D81: 400g | E81: 바디·헤어·위생 | F81: 샴푸·두피 세정 | G81: G3-U-1 | I81: 대체 후보 | K81: 품목별 표시 확인 | M81: C | N81: 아니오 | O81: =SUMIFS('05_상품별배치367'!$K$7:$K$373,'05_상품별배치367'!$E$7:$E$373,A81,'05_상품별배치367'!$H$7:$H$373,"본진") -> 0 | P81: =SUMIFS('05_상품별배치367'!$K$7:$K$373,'05_상품별배치367'!$E$7:$E$373,A81,'05_상품별배치367'!$H$7:$H$373,"추가 진열") -> 0 | Q81: =O81+P81 -> 0 | R81: 1 | S81: 샴푸·두피 세정 기본 선정품의 대안. 동시 입고보다 가격·제형·공급 차이가 있을 때 교체. | T81: 원본명 참고·브랜드 대조 | Y81: 현행 공급·바코드 대조 | AA81: 미확정
A82: pd0000491 | B82: 493 | C82: TS샴푸 지디샴푸포보이 800g | D82: 800g | E82: 바디·헤어·위생 | F82: 샴푸·두피 세정 | G82: G3-U-1 | I82: 대체 후보 | K82: 품목별 표시 확인 | M82: C | N82: 아니오 | O82: =SUMIFS('05_상품별배치367'!$K$7:$K$373,'05_상품별배치367'!$E$7:$E$373,A82,'05_상품별배치367'!$H$7:$H$373,"본진") -> 0 | P82: =SUMIFS('05_상품별배치367'!$K$7:$K$373,'05_상품별배치367'!$E$7:$E$373,A82,'05_상품별배치367'!$H$7:$H$373,"추가 진열") -> 0 | Q82: =O82+P82 -> 0 | R82: 1 | S82: 샴푸·두피 세정 기본 선정품의 대안. 동시 입고보다 가격·제형·공급 차이가 있을 때 교체. | T82: 원본명 참고·브랜드 대조 | Y82: 현행 공급·바코드 대조 | AA82: 미확정
A83: pd0000496 | B83: 498 | C83: TS샴푸 크리미버터헤어팩트리트먼트 200g | D83: 200g | E83: 바디·헤어·위생 | F83: 헤어 트리트먼트·스타일링 | G83: 상설 미배정 | I83: 초도 비권장 | K83: 품목별 표시 확인 | M83: N | N83: 아니오 | O83: =SUMIFS('05_상품별배치367'!$K$7:$K$373,'05_상품별배치367'!$E$7:$E$373,A83,'05_상품별배치367'!$H$7:$H$373,"본진") -> 0 | P83: =SUMIFS('05_상품별배치367'!$K$7:$K$373,'05_상품별배치367'!$E$7:$E$373,A83,'05_상품별배치367'!$H$7:$H$373,"추가 진열") -> 0 | Q83: =O83+P83 -> 0 | R83: 0 | S83: 약국의 핵심 상담 구색 대비 우선순위 낮음. 인접 뷰티·일반 소매와 역할 중복 및 재고 분산 검토. | T83: 원본명 참고·브랜드 대조 | Y83: 현행 공급·바코드 대조 | AA83: 미확정
A84: pd0000488 | B84: 490 | C84: TS샴푸 프리미엄플러스TS샴푸기획세트 500g*1EA+6g*5EA | D84: 500g*1EA+6g*5EA | E84: 바디·헤어·위생 | F84: 샴푸·두피 세정 | G84: G3-U-1 | I84: 대체 후보 | K84: 품목별 표시 확인 | M84: C | N84: 아니오 | O84: =SUMIFS('05_상품별배치367'!$K$7:$K$373,'05_상품별배치367'!$E$7:$E$373,A84,'05_상품별배치367'!$H$7:$H$373,"본진") -> 0 | P84: =SUMIFS('05_상품별배치367'!$K$7:$K$373,'05_상품별배치367'!$E$7:$E$373,A84,'05_상품별배치367'!$H$7:$H$373,"추가 진열") -> 0 | Q84: =O84+P84 -> 0 | R84: 1 | S84: 샴푸·두피 세정 기본 선정품의 대안. 동시 입고보다 가격·제형·공급 차이가 있을 때 교체. | T84: 원본명 참고·브랜드 대조 | Y84: 소매 단위·구성 대조 | AA84: 미확정
A85: pd0002338 | B85: 2328 | C85: WNL 올인원 컬크림 | D85: 100ml | E85: 바디·헤어·위생 | F85: 헤어 트리트먼트·스타일링 | G85: 상설 미배정 | I85: 초도 비권장 | K85: 품목별 표시 확인 | L85: 매입가 0 의미 확인 | M85: N | N85: 아니오 | O85: =SUMIFS('05_상품별배치367'!$K$7:$K$373,'05_상품별배치367'!$E$7:$E$373,A85,'05_상품별배치367'!$H$7:$H$373,"본진") -> 0 | P85: =SUMIFS('05_상품별배치367'!$K$7:$K$373,'05_상품별배치367'!$E$7:$E$373,A85,'05_상품별배치367'!$H$7:$H$373,"추가 진열") -> 0 | Q85: =O85+P85 -> 0 | R85: 0 | S85: 약국의 핵심 상담 구색 대비 우선순위 낮음. 인접 뷰티·일반 소매와 역할 중복 및 재고 분산 검토. | T85: 원본명 참고·브랜드 대조 | Y85: 현행 공급·바코드 대조 | AA85: 미확정
A86: pd0000205 | B86: 207 | C86: 가꾸기 다이어트 쉐이크 곡물맛_낱포 | D86: 1EA | E86: 영양·이너뷰티 | F86: 단백질·아미노산 | G86: G4-U-1 | I86: 대체 후보 | K86: 식품·건기식·의약품 구분 대조 | L86: 실물 규격 확인 | M86: C | N86: 아니오 | O86: =SUMIFS('05_상품별배치367'!$K$7:$K$373,'05_상품별배치367'!$E$7:$E$373,A86,'05_상품별배치367'!$H$7:$H$373,"본진") -> 0 | P86: =SUMIFS('05_상품별배치367'!$K$7:$K$373,'05_상품별배치367'!$E$7:$E$373,A86,'05_상품별배치367'!$H$7:$H$373,"추가 진열") -> 0 | Q86: =O86+P86 -> 0 | R86: 1 | S86: 단백질·아미노산 기본 선정품의 대안. 동시 입고보다 가격·제형·공급 차이가 있을 때 교체. | T86: 원본명 참고·브랜드 대조 | Y86: 소매 단위·구성 대조 | AA86: 미확정
A87: pd0000208 | B87: 210 | C87: 가꾸기 다이어트 쉐이크 옥수수맛_낱포 | D87: 1EA | E87: 영양·이너뷰티 | F87: 단백질·아미노산 | G87: G4-U-1 | I87: 대체 후보 | K87: 식품·건기식·의약품 구분 대조 | L87: 실물 규격 확인 | M87: C | N87: 아니오 | O87: =SUMIFS('05_상품별배치367'!$K$7:$K$373,'05_상품별배치367'!$E$7:$E$373,A87,'05_상품별배치367'!$H$7:$H$373,"본진") -> 0 | P87: =SUMIFS('05_상품별배치367'!$K$7:$K$373,'05_상품별배치367'!$E$7:$E$373,A87,'05_상품별배치367'!$H$7:$H$373,"추가 진열") -> 0 | Q87: =O87+P87 -> 0 | R87: 1 | S87: 단백질·아미노산 기본 선정품의 대안. 동시 입고보다 가격·제형·공급 차이가 있을 때 교체. | T87: 원본명 참고·브랜드 대조 | Y87: 소매 단위·구성 대조 | AA87: 미확정
A88: pd0000206 | B88: 208 | C88: 가꾸기 다이어트 쉐이크 초코맛_낱포 | D88: 1EA | E88: 영양·이너뷰티 | F88: 단백질·아미노산 | G88: G4-U-1 | I88: 대체 후보 | K88: 식품·건기식·의약품 구분 대조 | L88: 실물 규격 확인 | M88: C | N88: 아니오 | O88: =SUMIFS('05_상품별배치367'!$K$7:$K$373,'05_상품별배치367'!$E$7:$E$373,A88,'05_상품별배치367'!$H$7:$H$373,"본진") -> 0 | P88: =SUMIFS('05_상품별배치367'!$K$7:$K$373,'05_상품별배치367'!$E$7:$E$373,A88,'05_상품별배치367'!$H$7:$H$373,"추가 진열") -> 0 | Q88: =O88+P88 -> 0 | R88: 1 | S88: 단백질·아미노산 기본 선정품의 대안. 동시 입고보다 가격·제형·공급 차이가 있을 때 교체. | T88: 원본명 참고·브랜드 대조 | Y88: 소매 단위·구성 대조 | AA88: 미확정
A89: pd0000209 | B89: 211 | C89: 가꾸기 다이어트 쉐이크 쿠키앤크림맛_낱포 | D89: 1EA | E89: 식음료 | F89: 캔디·간식 | G89: 상설 미배정 | I89: 초도 비권장 | K89: 식품 후보·유형 확인 | L89: 실물 규격 확인 | M89: N | N89: 아니오 | O89: =SUMIFS('05_상품별배치367'!$K$7:$K$373,'05_상품별배치367'!$E$7:$E$373,A89,'05_상품별배치367'!$H$7:$H$373,"본진") -> 0 | P89: =SUMIFS('05_상품별배치367'!$K$7:$K$373,'05_상품별배치367'!$E$7:$E$373,A89,'05_상품별배치367'!$H$7:$H$373,"추가 진열") -> 0 | Q89: =O89+P89 -> 0 | R89: 0 | S89: 약국의 핵심 상담 구색 대비 우선순위 낮음. 인접 뷰티·일반 소매와 역할 중복 및 재고 분산 검토. | T89: 원본명 참고·브랜드 대조 | Y89: 소매 단위·구성 대조 | AA89: 미확정
A90: pd0000207 | B90: 209 | C90: 가꾸기 다이어트 쉐이크 흑임자맛_낱포 | D90: 1EA | E90: 영양·이너뷰티 | F90: 단백질·아미노산 | G90: G4-U-1 | I90: 대체 후보 | K90: 식품·건기식·의약품 구분 대조 | L90: 실물 규격 확인 | M90: C | N90: 아니오 | O90: =SUMIFS('05_상품별배치367'!$K$7:$K$373,'05_상품별배치367'!$E$7:$E$373,A90,'05_상품별배치367'!$H$7:$H$373,"본진") -> 0 | P90: =SUMIFS('05_상품별배치367'!$K$7:$K$373,'05_상품별배치367'!$E$7:$E$373,A90,'05_상품별배치367'!$H$7:$H$373,"추가 진열") -> 0 | Q90: =O90+P90 -> 0 | R90: 1 | S90: 단백질·아미노산 기본 선정품의 대안. 동시 입고보다 가격·제형·공급 차이가 있을 때 교체. | T90: 원본명 참고·브랜드 대조 | Y90: 소매 단위·구성 대조 | AA90: 미확정
A91: pd0000203 | B91: 205 | C91: 가꾸기 다이어팅티 복숭아맛 14포 | D91: 14포 | E91: 영양·이너뷰티 | F91: 체중관리 경구제품 | G91: 상설 미배정 | I91: 초도 비권장 | K91: 식품·건기식·의약품 구분 대조 | M91: N | N91: 아니오 | O91: =SUMIFS('05_상품별배치367'!$K$7:$K$373,'05_상품별배치367'!$E$7:$E$373,A91,'05_상품별배치367'!$H$7:$H$373,"본진") -> 0 | P91: =SUMIFS('05_상품별배치367'!$K$7:$K$373,'05_상품별배치367'!$E$7:$E$373,A91,'05_상품별배치367'!$H$7:$H$373,"추가 진열") -> 0 | Q91: =O91+P91 -> 0 | R91: 0 | S91: 약국의 핵심 상담 구색 대비 우선순위 낮음. 인접 뷰티·일반 소매와 역할 중복 및 재고 분산 검토. | T91: 원본명 참고·브랜드 대조 | Y91: 현행 공급·바코드 대조 | AA91: 미확정
A92: pd0000202 | B92: 204 | C92: 가꾸기 다이어팅티 애플맛 14포 | D92: 14포 | E92: 영양·이너뷰티 | F92: 체중관리 경구제품 | G92: 상설 미배정 | I92: 초도 비권장 | K92: 식품·건기식·의약품 구분 대조 | M92: N | N92: 아니오 | O92: =SUMIFS('05_상품별배치367'!$K$7:$K$373,'05_상품별배치367'!$E$7:$E$373,A92,'05_상품별배치367'!$H$7:$H$373,"본진") -> 0 | P92: =SUMIFS('05_상품별배치367'!$K$7:$K$373,'05_상품별배치367'!$E$7:$E$373,A92,'05_상품별배치367'!$H$7:$H$373,"추가 진열") -> 0 | Q92: =O92+P92 -> 0 | R92: 0 | S92: 약국의 핵심 상담 구색 대비 우선순위 낮음. 인접 뷰티·일반 소매와 역할 중복 및 재고 분산 검토. | T92: 원본명 참고·브랜드 대조 | Y92: 현행 공급·바코드 대조 | AA92: 미확정
A93: pd0000200 | B93: 202 | C93: 가꾸기 브이롭티 본품 30포 | D93: 30포 | E93: 식음료 | F93: 건강즙·차·음료 | G93: 냉장고 또는 상온 음료, 별도 검토 | I93: 초도 비권장 | K93: 식품 후보·유형 확인 | M93: N | N93: 아니오 | O93: =SUMIFS('05_상품별배치367'!$K$7:$K$373,'05_상품별배치367'!$E$7:$E$373,A93,'05_상품별배치367'!$H$7:$H$373,"본진") -> 0 | P93: =SUMIFS('05_상품별배치367'!$K$7:$K$373,'05_상품별배치367'!$E$7:$E$373,A93,'05_상품별배치367'!$H$7:$H$373,"추가 진열") -> 0 | Q93: =O93+P93 -> 0 | R93: 0 | S93: 약국의 핵심 상담 구색 대비 우선순위 낮음. 인접 뷰티·일반 소매와 역할 중복 및 재고 분산 검토. | T93: 원본명 참고·브랜드 대조 | Y93: 현행 공급·바코드 대조 | AA93: 미확정
A94: pd0000201 | B94: 203 | C94: 가꾸기 브이롭티 스타터팩 15포 | D94: 15포 | E94: 식음료 | F94: 건강즙·차·음료 | G94: 냉장고 또는 상온 음료, 별도 검토 | I94: 초도 비권장 | K94: 식품 후보·유형 확인 | M94: N | N94: 아니오 | O94: =SUMIFS('05_상품별배치367'!$K$7:$K$373,'05_상품별배치367'!$E$7:$E$373,A94,'05_상품별배치367'!$H$7:$H$373,"본진") -> 0 | P94: =SUMIFS('05_상품별배치367'!$K$7:$K$373,'05_상품별배치367'!$E$7:$E$373,A94,'05_상품별배치367'!$H$7:$H$373,"추가 진열") -> 0 | Q94: =O94+P94 -> 0 | R94: 0 | S94: 약국의 핵심 상담 구색 대비 우선순위 낮음. 인접 뷰티·일반 소매와 역할 중복 및 재고 분산 검토. | T94: 원본명 참고·브랜드 대조 | Y94: 현행 공급·바코드 대조 | AA94: 미확정
A95: pd0000204 | B95: 206 | C95: 가꾸기 텐글 스킨 부스터샷 14포 | D95: 14포 | E95: 영양·이너뷰티 | F95: 콜라겐·이너뷰티 | G95: G4-U-1 | I95: 대체 후보 | K95: 식품·건기식·의약품 구분 대조 | M95: C | N95: 아니오 | O95: =SUMIFS('05_상품별배치367'!$K$7:$K$373,'05_상품별배치367'!$E$7:$E$373,A95,'05_상품별배치367'!$H$7:$H$373,"본진") -> 0 | P95: =SUMIFS('05_상품별배치367'!$K$7:$K$373,'05_상품별배치367'!$E$7:$E$373,A95,'05_상품별배치367'!$H$7:$H$373,"추가 진열") -> 0 | Q95: =O95+P95 -> 0 | R95: 1 | S95: 콜라겐·이너뷰티 기본 선정품의 대안. 동시 입고보다 가격·제형·공급 차이가 있을 때 교체. | T95: 원본명 참고·브랜드 대조 | Y95: 현행 공급·바코드 대조 | AA95: 미확정
A96: pd0000198 | B96: 200 | C96: 가꾸기 피부케어&비피더스유산균 본품 30포 | D96: 30포 | E96: 영양·이너뷰티 | F96: 유산균 | G96: G4-D-2 | I96: 대체 후보 | K96: 식품·건기식·의약품 구분 대조 | M96: C | N96: 아니오 | O96: =SUMIFS('05_상품별배치367'!$K$7:$K$373,'05_상품별배치367'!$E$7:$E$373,A96,'05_상품별배치367'!$H$7:$H$373,"본진") -> 0 | P96: =SUMIFS('05_상품별배치367'!$K$7:$K$373,'05_상품별배치367'!$E$7:$E$373,A96,'05_상품별배치367'!$H$7:$H$373,"추가 진열") -> 0 | Q96: =O96+P96 -> 0 | R96: 1 | S96: 유산균 기본 선정품의 대안. 동시 입고보다 가격·제형·공급 차이가 있을 때 교체. | T96: 원본명 참고·브랜드 대조 | Y96: 현행 공급·바코드 대조 | AA96: 미확정
A97: pd0000199 | B97: 201 | C97: 가꾸기 피부케어&비피더스유산균 스타터팩 15포 | D97: 15포 | E97: 영양·이너뷰티 | F97: 유산균 | G97: G4-D-2 | I97: 대체 후보 | K97: 식품·건기식·의약품 구분 대조 | M97: C | N97: 아니오 | O97: =SUMIFS('05_상품별배치367'!$K$7:$K$373,'05_상품별배치367'!$E$7:$E$373,A97,'05_상품별배치367'!$H$7:$H$373,"본진") -> 0 | P97: =SUMIFS('05_상품별배치367'!$K$7:$K$373,'05_상품별배치367'!$E$7:$E$373,A97,'05_상품별배치367'!$H$7:$H$373,"추가 진열") -> 0 | Q97: =O97+P97 -> 0 | R97: 1 | S97: 유산균 기본 선정품의 대안. 동시 입고보다 가격·제형·공급 차이가 있을 때 교체. | T97: 원본명 참고·브랜드 대조 | Y97: 현행 공급·바코드 대조 | AA97: 미확정
A98: pd0002019 | B98: 2018 | C98: 겔포스엘 현탁액 | D98: 6포 | E98: 일반 상비·상담약 | F98: 소화·위장 상담약 | G98: L2 | H98: L2/S2 | I98: 오픈 핵심 | K98: 의약품 후보·허가 대조 | L98: 매입가 0 의미 확인 | M98: A | N98: 예 | O98: =SUMIFS('05_상품별배치367'!$K$7:$K$373,'05_상품별배치367'!$E$7:$E$373,A98,'05_상품별배치367'!$H$7:$H$373,"본진") -> 1 | P98: =SUMIFS('05_상품별배치367'!$K$7:$K$373,'05_상품별배치367'!$E$7:$E$373,A98,'05_상품별배치367'!$H$7:$H$373,"추가 진열") -> 0 | Q98: =O98+P98 -> 1 | R98: 1 | S98: 기존 핵심 수요 또는 약국 기본 상담 구색. 우선 도입 제안. | T98: 원본명 참고·브랜드 대조 | Y98: 현행 공급·바코드 대조 | AA98: 미확정
A99: pd0002018 | B99: 2017 | C99: 겔포스엘현탁액 | D99: 20g*18포 | E99: 일반 상비·상담약 | F99: 소화·위장 상담약 | G99: L2 | I99: 대체 후보 | K99: 의약품 후보·허가 대조 | L99: 매입가 0 의미 확인 | M99: C | N99: 예 | O99: =SUMIFS('05_상품별배치367'!$K$7:$K$373,'05_상품별배치367'!$E$7:$E$373,A99,'05_상품별배치367'!$H$7:$H$373,"본진") -> 0 | P99: =SUMIFS('05_상품별배치367'!$K$7:$K$373,'05_상품별배치367'!$E$7:$E$373,A99,'05_상품별배치367'!$H$7:$H$373,"추가 진열") -> 0 | Q99: =O99+P99 -> 0 | R99: 1 | S99: 소화·위장 상담약 기본 선정품의 대안. 동시 입고보다 가격·제형·공급 차이가 있을 때 교체. | T99: 원본명 참고·브랜드 대조 | Y99: 소매 단위·구성 대조 | AA99: 미확정
A100: pd0002477 | B100: 2462 | C100: 경옥고 | D100: 30p*2EA | E100: 일반 상비·상담약 | F100: 자양강장·한방 상담약 | G100: W4 | I100: 대체 후보 | K100: 의약품 후보·허가 대조 | L100: 매입가 0 의미 확인 | M100: C | N100: 예 | O100: =SUMIFS('05_상품별배치367'!$K$7:$K$373,'05_상품별배치367'!$E$7:$E$373,A100,'05_상품별배치367'!$H$7:$H$373,"본진") -> 0 | P100: =SUMIFS('05_상품별배치367'!$K$7:$K$373,'05_상품별배치367'!$E$7:$E$373,A100,'05_상품별배치367'!$H$7:$H$373,"추가 진열") -> 0 | Q100: =O100+P100 -> 0 | R100: 1 | S100: 자양강장·한방 상담약 기본 선정품의 대안. 동시 입고보다 가격·제형·공급 차이가 있을 때 교체. | T100: 원본명 참고·브랜드 대조 | Y100: 소매 단위·구성 대조 | AA100: 미확정
A101: pd0002193 | B101: 2187 | C101: 고려은단 루테인 지아잔틴 아스타잔틴 | D101: 30C | E101: 영양·이너뷰티 | F101: 루테인·눈 영양 | G101: G4-U-2 | H101: G4-U-2/S3 | I101: 오픈 핵심 | K101: 식품·건기식·의약품 구분 대조 | M101: A | N101: 예 | O101: =SUMIFS('05_상품별배치367'!$K$7:$K$373,'05_상품별배치367'!$E$7:$E$373,A101,'05_상품별배치367'!$H$7:$H$373,"본진") -> 1 | P101: =SUMIFS('05_상품별배치367'!$K$7:$K$373,'05_상품별배치367'!$E$7:$E$373,A101,'05_상품별배치367'!$H$7:$H$373,"추가 진열") -> 0 | Q101: =O101+P101 -> 1 | R101: 1 | S101: 기존 핵심 수요 또는 약국 기본 상담 구색. 우선 도입 제안. | T101: 고려은단 | Y101: 현행 공급·바코드 대조 | AA101: 미확정
A102: pd0002194 | B102: 2188 | C102: 고려은단 멀티비타민 올인원 맨 | D102: 30T | E102: 영양·이너뷰티 | F102: 멀티비타민·미네랄 | G102: G4-U-2 | H102: G4-U-2/S2 | I102: 오픈 핵심 | K102: 식품·건기식·의약품 구분 대조 | M102: A | N102: 예 | O102: =SUMIFS('05_상품별배치367'!$K$7:$K$373,'05_상품별배치367'!$E$7:$E$373,A102,'05_상품별배치367'!$H$7:$H$373,"본진") -> 1 | P102: =SUMIFS('05_상품별배치367'!$K$7:$K$373,'05_상품별배치367'!$E$7:$E$373,A102,'05_상품별배치367'!$H$7:$H$373,"추가 진열") -> 1 | Q102: =O102+P102 -> 2 | R102: 1 | S102: 기존 핵심 수요 또는 약국 기본 상담 구색. 우선 도입 제안. | T102: 고려은단 | Y102: 현행 공급·바코드 대조 | AA102: 미확정
A103: pd0002195 | B103: 2189 | C103: 고려은단 멀티비타민 올인원 맨60+ | D103: 30T | E103: 영양·이너뷰티 | F103: 멀티비타민·미네랄 | G103: G4-U-2 | I103: 대체 후보 | K103: 식품·건기식·의약품 구분 대조 | M103: C | N103: 예 | O103: =SUMIFS('05_상품별배치367'!$K$7:$K$373,'05_상품별배치367'!$E$7:$E$373,A103,'05_상품별배치367'!$H$7:$H$373,"본진") -> 0 | P103: =SUMIFS('05_상품별배치367'!$K$7:$K$373,'05_상품별배치367'!$E$7:$E$373,A103,'05_상품별배치367'!$H$7:$H$373,"추가 진열") -> 0 | Q103: =O103+P103 -> 0 | R103: 1 | S103: 멀티비타민·미네랄 기본 선정품의 대안. 동시 입고보다 가격·제형·공급 차이가 있을 때 교체. | T103: 고려은단 | Y103: 현행 공급·바코드 대조 | AA103: 미확정
A104: pd0002196 | B104: 2190 | C104: 고려은단 멀티비타민 올인원 우먼 | D104: 30T | E104: 영양·이너뷰티 | F104: 멀티비타민·미네랄 | G104: G4-U-2 | H104: G4-U-2/S2 | I104: 오픈 핵심 | K104: 식품·건기식·의약품 구분 대조 | M104: A | N104: 예 | O104: =SUMIFS('05_상품별배치367'!$K$7:$K$373,'05_상품별배치367'!$E$7:$E$373,A104,'05_상품별배치367'!$H$7:$H$373,"본진") -> 1 | P104: =SUMIFS('05_상품별배치367'!$K$7:$K$373,'05_상품별배치367'!$E$7:$E$373,A104,'05_상품별배치367'!$H$7:$H$373,"추가 진열") -> 0 | Q104: =O104+P104 -> 1 | R104: 1 | S104: 기존 핵심 수요 또는 약국 기본 상담 구색. 우선 도입 제안. | T104: 고려은단 | Y104: 현행 공급·바코드 대조 | AA104: 미확정
A105: pd0002197 | B105: 2191 | C105: 고려은단 멀티비타민 올인원 우먼60+ | D105: 30T | E105: 영양·이너뷰티 | F105: 멀티비타민·미네랄 | G105: G4-U-2 | I105: 대체 후보 | K105: 식품·건기식·의약품 구분 대조 | M105: C | N105: 예 | O105: =SUMIFS('05_상품별배치367'!$K$7:$K$373,'05_상품별배치367'!$E$7:$E$373,A105,'05_상품별배치367'!$H$7:$H$373,"본진") -> 0 | P105: =SUMIFS('05_상품별배치367'!$K$7:$K$373,'05_상품별배치367'!$E$7:$E$373,A105,'05_상품별배치367'!$H$7:$H$373,"추가 진열") -> 0 | Q105: =O105+P105 -> 0 | R105: 1 | S105: 멀티비타민·미네랄 기본 선정품의 대안. 동시 입고보다 가격·제형·공급 차이가 있을 때 교체. | T105: 고려은단 | Y105: 현행 공급·바코드 대조 | AA105: 미확정
A106: pd0002198 | B106: 2192 | C106: 고려은단 메가도스 이뮨샷 | D106: (3정+50ml)4병 | E106: 영양·이너뷰티 | F106: 멀티비타민·미네랄 | G106: G4-U-2 | I106: 대체 후보 | K106: 식품·건기식·의약품 구분 대조 | M106: C | N106: 예 | O106: =SUMIFS('05_상품별배치367'!$K$7:$K$373,'05_상품별배치367'!$E$7:$E$373,A106,'05_상품별배치367'!$H$7:$H$373,"본진") -> 0 | P106: =SUMIFS('05_상품별배치367'!$K$7:$K$373,'05_상품별배치367'!$E$7:$E$373,A106,'05_상품별배치367'!$H$7:$H$373,"추가 진열") -> 0 | Q106: =O106+P106 -> 0 | R106: 1 | S106: 멀티비타민·미네랄 기본 선정품의 대안. 동시 입고보다 가격·제형·공급 차이가 있을 때 교체. | T106: 고려은단 | Y106: 소매 단위·구성 대조 | AA106: 미확정
...

Sheet 04_브랜드검토
A2: 브랜드 검토 · 실제 선정 원장과 연결
A3: 기존 36개 검토 행을 보존. 사진의 거래가능 브랜드가 모두 약국 전용이라는 뜻은 아님. 원장에 없는 브랜드는 코드·공급규격 확인 후 대체 검토.
A6: 브랜드·라인 | B6: 도입 역할 | C6: 검토 라인업 | D6: 권장·후보 위치 | E6: 거래 전 확인사항 | F6: 근거 수준 | G6: 사진 확인 | H6: 취급 결정 | I6: 참고 URL | J6: 이번 선정 SKU | K6: 도입 판단 | L6: 원장 확인 메모
A7: 닥터리쥬올 | B7: 기본 후보 | C7: PDRN·세라마이드·립·레티노멜라 | D7: G5-D-1 중심 | E7: 립은 G6, 레티노멜라는 G3. 미국 공식몰과 국내 판매규격 별도 | F7: 제공 사진 + 기존 또는 공식 제품 자료 | G7: 예 | H7: 미검토 | I7: https://drrejuall.com/collections/all | J7: 9 | K7: 원장 선정품 도입 제안 | L7: pd0002335, pd0002336, pd0002337, pd0002339
A8: 프로캄 | B8: 기본 구색 | C8: EGF / 후시메디 / 멜라화이트 / 아크페어 / 판테놀 | D8: G3-D-2 / W2 / G5-U-2 / G6 | E8: 온라인팜 거래·현행 S 규격 확인; 2026 유통정책 재확인 | F8: 공식 제품 + 2026 보도 | G8: 아니오 | H8: 미검토 | I8: https://hanmiscience.co.kr/science/handler/Business-Procalm | J8: 12 | K8: 원장 선정품 도입 제안 | L8: pd0002372, pd0002380, pd0002381, pd0002417
A9: 마데카파마시아 | B9: 기본 구색 | C9: 테카플러스포뮬러 / 페이셜 리페어 / 컴포트 선 / 핸드 우레아 / PDRN 앰플 | D9: G5-U-2 / G3-D-3 / G2-U-2 | E9: 동국 거래 및 신규·라이트 규격 대조; 센텔리안24와 별도 | F9: 제조사 공식 | G9: 아니오 | H9: 미검토 | I9: https://www.dkpharm.co.kr/boards/view.php?btype=news&idx=1060&stype=news | J9: 3 | K9: 원장 선정품 도입 제안 | L9: pd0002547, pd0002548, pd0002550
A10: 리쥬비-에스 | B10: 기본 구색 | C10: 리쥬비-에스 앰플 | D10: G5-D-3 | E10: 화장품 앰플 규격 확인; 리쥬비넥스·리쥬비MD 별도 | F10: 브랜드 공식 | G10: 아니오 | H10: 미검토 | I10: https://www.rejuve-s.com/ | J10: 3 | K10: 원장 선정품 도입 제안 | L10: pd0001847, pd0002328, pd0002364
A11: 피더린 리쥬부스터 | B11: 기본 구색 | C11: 리쥬부스터 크림 / 안티옥스 유스 세럼 / 크림 마스크 / 리퀴드 쉴드 / 속눈썹 | D11: G5-D-3의 대체 후보 | E11: 리쥬부스터만 우선; 병의원 라인 혼합 발주 금지 | F11: 브랜드 공식 | G11: 아니오 | H11: 미검토 | I11: https://pyderin.com/product | J11: 0 | K11: 대체·신규 공급 확인 | L11: 공급코드·국내 규격을 매칭한 뒤 진열 선택
A12: 대웅 EGFx 다운타임 | B12: 기본 구색 | C12: 포스트 레이저 / 포스트 스킨부스터 / 포스트 엘써마 | D12: W2-S2 | E12: 이지듀 일반 EGFx 라인과 공급·바코드 구분 | F12: 제조사 발표 인용 보도 | G12: 아니오 | H12: 미검토 | I12: https://www.newspim.com/news/view/20260519000176 | J12: 3 | K12: 원장 선정품 도입 제안 | L12: pd0002295, pd0002297, pd0002300
A13: 더마픽스 리쥬콜 CoDRN | B13: 시험 운영 | C13: 리뉴 앰플 / 리바이브 크림 / 리셋 하이드로겔 마스크 | D13: G5-D-2-S4 조건부 | E13: 약국 전용 3종만 대상; 공식몰 품절과 도매 공급 별도 확인 | F13: 브랜드 공식 | G13: 아니오 | H13: 미검토 | I13: https://dermafix.co.kr/category/pharmacy-exclusive/170/ | J13: 0 | K13: 대체·신규 공급 확인 | L13: 공급코드·국내 규격을 매칭한 뒤 진열 선택
A14: 톰 | B14: 시험 후보 | C14: PPM 크림·NMN 크림 | D14: B8 | E14: 두 품목 모두 의무 입점 아님. 한 테마부터 시험 | F14: 제공 사진 + 기존 또는 공식 제품 자료 | G14: 예 | H14: 미검토 | I14: https://thome.kr/ | J14: 7 | K14: 원장 선정품 도입 제안 | L14: pd0001730, pd0001733, pd0001734, pd0001735
A15: 테카테카 Rx | B15: 대체 후보 | C15: 징크 PCA 클리어 / D판테놀 리페어 / 리쥬톡스 PDRN | D15: G1-D-3·G5-U | E15: Rx 3종 거래 조건 확인; 일반 카밍 라인과 구분 | F15: 원본 목록 + 입점 홍보 | G15: 아니오 | H15: 미검토 | I15: https://www.mdspick.co.kr/brand/100007 | J15: 0 | K15: 대체·신규 공급 확인 | L15: 공급코드·국내 규격을 매칭한 뒤 진열 선택
A16: 알엑스미 RXme | B16: 시험 후보 | C16: PDRN·PDLLA 크림 후보 | D16: B8, 이후 고민별 편입 | E16: 거래창구 사진 확인. 시술과 같은 함량·효과로 설명하지 않음 | F16: 제공 사진 + 기존 또는 공식 제품 자료 | G16: 예 | H16: 미검토 | I16: https://rxmecosmetics.com/ | J16: 0 | K16: 대체·신규 공급 확인 | L16: 공급코드·국내 규격을 매칭한 뒤 진열 선택
A17: 일동 리쥬닉 | B17: 대체 후보 | C17: PDRN 리쥬비네이팅 앤 리페어 크림 | D17: G5-D-3 후보 | E17: 약국 독점 범위 미확인; 공급가·회전 비교 | F17: 2025-11 출시 보도 | G17: 아니오 | H17: 미검토 | I17: https://www.hankyung.com/article/202511278889i | J17: 0 | K17: 대체·신규 공급 확인 | L17: 공급코드·국내 규격을 매칭한 뒤 진열 선택
A18: 리쥬엑셀 | B18: 공급 확인 | C18: 리바이탈 어드밴스드 / 비타비쓰리 / 카밍 클리어 | D18: G5·G3·G1 후보 | E18: 공식몰 검색 색인 확인; 본문 재조회 제한; 유통권 확인 | F18: 공식 검색 색인; 추가 확인 | G18: 아니오 | H18: 미검토 | I18: https://rejuexcel.com/collections/all | J18: 0 | K18: 대체·신규 공급 확인 | L18: 공급코드·국내 규격을 매칭한 뒤 진열 선택
... A23: 비티테라 BT THERA | B23: 대체 후보 | C23: 테라베리어 / 퓨어폼 / UV / 리페어 / 비타케이 | D23: G5-U·W2 후보 | E23: MD 크림은 의료기기로 분리; 온누리 공급 조건 확인 | F23: 제조사 공식 + 원본 | G23: 아니오 | H23: 미검토 | I23: https://btbio.kr/main/sub3_2.php | J23: 0 | K23: 대체·신규 공급 확인 | L23: 공급코드·국내 규격을 매칭한 뒤 진열 선택
A24: 닥터리쥬진 | B24: 확인 보류 | C24: 하이퍼인퓨전 3S / 4D / 20.2K / 멜라4X / NAD·NMN / V1 | D24: 상설 미배정 | E24: 첨부 목록의 상품명은 확인; 최신 공식 라인·유통 확인 필요 | F24: 첨부 목록만 확인 | G24: 아니오 | H24: 미검토 | J24: 0 | K24: 대체·신규 공급 확인 | L24: 공급코드·국내 규격을 매칭한 뒤 진열 선택
A25: 디어클레어스 블루 EGF 후보 | B25: 확인 보류 | C25: 인텐시브 프로 크림 / 리페어 립 / 카밍 겔 마스크 / 미스트 | D25: 상설 미배정 | E25: 일반 EGF 블루 라인과 혼동 주의; 공급사 품목표 대조 | F25: 첨부 목록만 확인 | G25: 아니오 | H25: 미검토 | J25: 0 | K25: 대체·신규 공급 확인 | L25: 공급코드·국내 규격을 매칭한 뒤 진열 선택
A26: 리쥬란 화장품 | B26: 비교군 | C26: 턴오버 마스크·앰플·인핸스드 크림 / 토너 / 에멀전 | D26: G5-D-3 대표 제형 비교 | E26: 공식몰 일반 판매; 약국 전용 간판 사용 근거 없음 | F26: 브랜드 공식 + 원본 | G26: 아니오 | H26: 미검토 | I26: https://rejuran.co.kr/ | J26: 3 | K26: 원장 선정품 도입 제안 | L26: pd0002332, pd0002333, pd0002341
A27: 제로이드 | B27: 비교군 | C27: 수딩 / 인텐시브 보습 라인 | D27: G5-U 비교 | E27: 약국 전용 아님; 병의원 채널 및 화장품·MD 구분 확인 | F27: 브랜드 공식 | G27: 아니오 | H27: 미검토 | I27: https://www.zeroid.co.kr/en/products.html | J27: 0 | K27: 대체·신규 공급 확인 | L27: 공급코드·국내 규격을 매칭한 뒤 진열 선택
A28: 엑소코바이오 ASCEplus | B28: 시험 후보 | C28: 프리미엄 성분 화장품 | D28: B8 | E28: 사진에서 브랜드 확인. 정확한 화장품 SKU·분류·국내 공급 확인 | F28: 제공 거래사이트 사진, 개별 SKU 미확인 | G28: 예 | H28: 미검토 | J28: 0 | K28: 대체·신규 공급 확인 | L28: 공급코드·국내 규격을 매칭한 뒤 진열 선택
A29: 제나벨 | B29: 대체 비교 | C29: PDRN 크림·밤·토너 | D29: G5-D-3 / G5-U-1 | E29: 제나랩 표기와 브랜드 제나벨 연결. 약국용 개별 라인·규격 구분 | F29: 제공 사진 + 기존 또는 공식 제품 자료 | G29: 예 | H29: 미검토 | I29: https://genabelle.co.kr/category/pdrn/158/ | J29: 0 | K29: 대체·신규 공급 확인 | L29: 공급코드·국내 규격을 매칭한 뒤 진열 선택
A30: 마미케어 | B30: 상세 확인 | C30: 톤 관련 후보, 정확한 제품명 대조 | D30: G3-D-2 후보 | E30: 사진의 홍보 문구만으로 성분·효능을 확정하지 않음 | F30: 제공 거래사이트 사진, 개별 SKU 미확인 | G30: 예 | H30: 미검토 | J30: 5 | K30: 원장 선정품 도입 제안 | L30: pd0001188, pd0001190, pd0001191, pd0001192
A31: 파파레서피 | B31: 제형 보완 | C31: 효소 파우더 클렌저 후보 | D31: G1-U-2 | E31: 제품명·사용표시 확인 후 기존 세안제와 대체 비교 | F31: 제공 거래사이트 사진, 개별 SKU 미확인 | G31: 예 | H31: 미검토 | J31: 0 | K31: 대체·신규 공급 확인 | L31: 공급코드·국내 규격을 매칭한 뒤 진열 선택
A32: 레비온 | B32: 대체 비교 | C32: 사진상 EGF·PDRN 크림 후보 | D32: W2-S3 후보 | E32: 정확한 전성분·기능성 표시·유통 조건 확인 | F32: 제공 거래사이트 사진, 개별 SKU 미확인 | G32: 예 | H32: 미검토 | J32: 2 | K32: 원장 선정품 도입 제안 | L32: pd0001946, pd0001948
A33: 쥬베룩 스킨케어 | B33: 시험 후보 | C33: 사진상 PDLLA 크림 후보 | D33: B8, 이후 G5-D-2 검토 | E33: 주입형 쥬베룩과 화장품을 구분. SKU 확인 전 상설 배정 없음 | F33: 제공 거래사이트 사진, 개별 SKU 미확인 | G33: 예 | H33: 미검토 | J33: 0 | K33: 대체·신규 공급 확인 | L33: 공급코드·국내 규격을 매칭한 뒤 진열 선택
A34: 라니쥬 | B34: 상세 확인 | C34: 크림 후보, 표시 용도 확인 | D34: B8 후보 | E34: 판매액·임상 1위 등 사진의 홍보 문구 미검증 | F34: 제공 거래사이트 사진, 개별 SKU 미확인 | G34: 예 | H34: 미검토 | J34: 0 | K34: 대체·신규 공급 확인 | L34: 공급코드·국내 규격을 매칭한 뒤 진열 선택
A35: 아이소이 | B35: 지명 수요 확인 | C35: 톤 관리 라인 후보 | D35: G3-D-2 대체 | E35: 무신사뷰티의 동일 바코드·가격과 중복 검토 | F35: 제공 거래사이트 사진, 개별 SKU 미확인 | G35: 예 | H35: 미검토 | J35: 0 | K35: 대체·신규 공급 확인 | L35: 공급코드·국내 규격을 매칭한 뒤 진열 선택
A36: 브이티 VT | B36: 지명 수요 확인 | C36: 리들샷 등 제품별 검토 | D36: B8 후보 | E36: 민감·시술 후 고객에게 자동 추천 금지. 별도 약국용 SKU 확인 | F36: 제공 거래사이트 사진, 개별 SKU 미확인 | G36: 예 | H36: 미검토 | J36: 0 | K36: 대체·신규 공급 확인 | L36: 공급코드·국내 규격을 매칭한 뒤 진열 선택
A37: 디퍼앤디퍼 | B37: 대체 비교 | C37: 멜라티놀·씨토닝·비볼륨 | D37: G3-D-2 / G5-D-2 | E37: 공식 제품명 확인. 개별 기능성 표시·공급코드 대조 | F37: 제공 사진 + 기존 또는 공식 제품 자료 | G37: 예 | H37: 미검토 | I37: https://differndeeper.com/ | J37: 0 | K37: 대체·신규 공급 확인 | L37: 공급코드·국내 규격을 매칭한 뒤 진열 선택
A38: 닥터멜락신 | B38: 지명 수요 확인 | C38: 톤·탄력 관련 SKU 검토 | D38: B8, 이후 고민별 편입 | E38: 브랜드 전체 효능으로 분류하지 않음. 정확한 SKU 필요 | F38: 제공 거래사이트 사진, 개별 SKU 미확인 | G38: 예 | H38: 미검토 | J38: 0 | K38: 대체·신규 공급 확인 | L38: 공급코드·국내 규격을 매칭한 뒤 진열 선택
A39: 온슬로 | B39: 부분 케어 보완 | C39: 사진상 부위별 패치 후보 | D39: G1-D-2 또는 G5-D-2 후보 | E39: 패치별 분류·소재·표시 용도 확인 후 위치 결정 | F39: 제공 거래사이트 사진, 개별 SKU 미확인 | G39: 예 | H39: 미검토 | J39: 0 | K39: 대체·신규 공급 확인 | L39: 공급코드·국내 규격을 매칭한 뒤 진열 선택
A40: 에포드 | B40: 상세 확인 | C40: 프리미엄 스킨케어 후보 | D40: B8 후보 | E40: 정확한 제품명·전성분·공급조건 확인 | F40: 제공 거래사이트 사진, 개별 SKU 미확인 | G40: 예 | H40: 미검토 | J40: 0 | K40: 대체·신규 공급 확인 | L40: 공급코드·국내 규격을 매칭한 뒤 진열 선택
A41: 르니브 RENIV | B41: 시험 후보 | C41: 사진상 NAD·엑소좀 세럼 후보 | D41: B8 후보 | E41: 성분 함유가 임상 효과·시술 대체를 뜻하지 않음 | F41: 제공 거래사이트 사진, 개별 SKU 미확인 | G41: 예 | H41: 미검토 | J41: 0 | K41: 대체·신규 공급 확인 | L41: 공급코드·국내 규격을 매칭한 뒤 진열 선택
A42: 셀트리온스킨큐어 | B42: 대체 비교 | C42: 지피덤 EGF·보습·톤 라인 | D42: W2 / G5-U / G3-D-2 후보 | E42: 기존 조사 공식 라인 확인. 현재 SKU·약국용 규격 재확인 | F42: 제공 사진 + 기존 또는 공식 제품 자료 | G42: 예 | H42: 미검토 | I42: https://www.celltrionmall.com/main/category/350 | J42: 0 | K42: 대체·신규 공급 확인 | L42: 공급코드·국내 규격을 매칭한 뒤 진열 선택
A45: 자료 구분 | B45: 자료명 | C45: 출처 | D45: 적용 범위
A46: 위치 | B46: 첨부 평면도 파란 진열대 | C46: EC5CDBD6-2E39-4194-BC1D-DF0D4E166169.png | D46: 상대 위치 유지. 집기 유효폭·높이·깊이 미실측
A47: 상품 | B47: 무신사뷰티 초기 취급검토 품목 전체 리스트.xls | C47: 원본 2,526행을 기존 분류 데이터와 대조 | D47: 현재 재고·판매규격·허가 분류·공급가 확정 아님
A48: 후보 | B48: IMG_7213.jpeg / IMG_7214.jpeg | C48: 거래사이트 화면, 18개 브랜드 | D48: 1위·최초·최대 함량 등 홍보 문구를 순위 근거로 사용하지 않음
A49: PDRN | B49: 파마리서치 제품 구분 | C49: https://pharmaresearch.com/sub/press/view.html?curpage=7&idx=379 | D49: 리쥬비넥스 의약품, 리쥬비-에스 화장품, MD 별도
A50: 제품 | B50: 닥터리쥬올 공식 제품 | C50: https://drrejuall.com/collections/all | D50: 해외 공식몰과 국내 공급규격은 별도 확인
A51: 제품 | B51: 제나벨 PDRN 공식 라인 | C51: https://genabelle.co.kr/category/pdrn/158/ | D51: 약국용 라인·SKU는 별도 구분
A52: 제품 | B52: 디퍼앤디퍼 공식 제품 | C52: https://differndeeper.com/ | D52: 제품명 확인. 기능성 표시와 공급코드 추가 확인
A53: 상담 | B53: 미국피부과학회 레티노이드 안내 | C53: https://www.aad.org/public/everyday-care/skin-care-secrets/anti-aging/retinoid-retinol | D53: 자극·임신 관련 안전 확인 참고. 국내 허가 안내는 제품별
A54: 상담 | B54: 미국피부과학회 색소 관리 안내 | C54: https://www.aad.org/public/everyday-care/skin-care-secrets/routine/fade-dark-spots | D54: 자극 원인 확인 및 자외선 관리 참고

Sheet 05_상품별배치367
A2: 상품별 배치 367행 · 왼쪽부터의 순서와 페이싱
A3: K열 권장 F는 편집 가능 | 포장 치수는 03 V~X에 한 번 입력 | 0F는 미진열 | 사용폭 = 포장 가로×F, 최종 합계는 02에서 확인
A6: 배치 ID | B6: 선반 ID | C6: 모듈 | D6: 단 | E6: 공급코드 | F6: 상품명 | G6: 원본 규격 | H6: 역할 | I6: 중요도 | J6: 좌→우 순번 | K6: 권장 F | L6: 포장 가로 | M6: 포장 높이 | N6: 포장 깊이 | O6: 유효폭 기준 | P6: 도면 개구높이 | Q6: 상품높이 상한 | R6: 깊이 기준 | S6: 점유폭 mm | T6: 개별 치수검토 | U6: 진열 방향 | V6: 진열 방식 | W6: 근거
A7: W1/S2/pd0002364 | B7: W1/S2 | C7: W1 | D7: 2 | E7: pd0002364 | F7: =IFERROR(INDEX('03_상품분류2526'!$C$7:$C$2532,MATCH(E7,'03_상품분류2526'!$A$7:$A$2532,0)),"코드 확인") -> 리쥬비넥스크림 | G7: =IFERROR(INDEX('03_상품분류2526'!$D$7:$D$2532,MATCH(E7,'03_상품분류2526'!$A$7:$A$2532,0)),"코드 확인") -> 10g | H7: 본진 | I7: =IFERROR(INDEX('03_상품분류2526'!$M$7:$M$2532,MATCH(E7,'03_상품분류2526'!$A$7:$A$2532,0)),"코드 확인") -> A | J7: 1 | K7: 2 | L7: =IFERROR(IF(INDEX('03_상품분류2526'!$V$7:$V$2532,MATCH(E7,'03_상품분류2526'!$A$7:$A$2532,0))="","",INDEX('03_상품분류2526'!$V$7:$V$2532,MATCH(E7,'03_상품분류2526'!$A$7:$A$2532,0))),"") | M7: =IFERROR(IF(INDEX('03_상품분류2526'!$W$7:$W$2532,MATCH(E7,'03_상품분류2526'!$A$7:$A$2532,0))="","",INDEX('03_상품분류2526'!$W$7:$W$2532,MATCH(E7,'03_상품분류2526'!$A$7:$A$2532,0))),"") | N7: =IFERROR(IF(INDEX('03_상품분류2526'!$X$7:$X$2532,MATCH(E7,'03_상품분류2526'!$A$7:$A$2532,0))="","",INDEX('03_상품분류2526'!$X$7:$X$2532,MATCH(E7,'03_상품분류2526'!$A$7:$A$2532,0))),"") | O7: ='02_선반315'!R8 -> 865 | P7: ='02_선반315'!T8 -> 290 | Q7: ='02_선반315'!U8 -> 270 | R7: ='02_선반315'!S8 -> 330 | S7: =IF(K7=0,0,IF(L7="","",K7*L7)) | T7: =IF(K7=0,"미진열",IF(OR(L7="",M7="",N7=""),"입력 대기",IF(AND(L7>0,M7>0,N7>0,S7<=O7,M7<=Q7,N7<=R7),"개별 범위 내","치수 초과"))) -> 입력 대기 | U7: 정면·원포장 | V7: 선반 | W7: PDF p5~6 (2026-08-11) + 원본 2526품목; 판매·마진 데이터 없음
A8: W1/S3/pd0000002 | B8: W1/S3 | C8: W1 | D8: 3 | E8: pd0000002 | F8: =IFERROR(INDEX('03_상품분류2526'!$C$7:$C$2532,MATCH(E8,'03_상품분류2526'!$A$7:$A$2532,0)),"코드 확인") -> 리도프론크림 | G8: =IFERROR(INDEX('03_상품분류2526'!$D$7:$D$2532,MATCH(E8,'03_상품분류2526'!$A$7:$A$2532,0)),"코드 확인") -> 30g | H8: 본진 | I8: =IFERROR(INDEX('03_상품분류2526'!$M$7:$M$2532,MATCH(E8,'03_상품분류2526'!$A$7:$A$2532,0)),"코드 확인") -> B | J8: 1 | K8: 1 | L8: =IFERROR(IF(INDEX('03_상품분류2526'!$V$7:$V$2532,MATCH(E8,'03_상품분류2526'!$A$7:$A$2532,0))="","",INDEX('03_상품분류2526'!$V$7:$V$2532,MATCH(E8,'03_상품분류2526'!$A$7:$A$2532,0))),"") | M8: =IFERROR(IF(INDEX('03_상품분류2526'!$W$7:$W$2532,MATCH(E8,'03_상품분류2526'!$A$7:$A$2532,0))="","",INDEX('03_상품분류2526'!$W$7:$W$2532,MATCH(E8,'03_상품분류2526'!$A$7:$A$2532,0))),"") | N8: =IFERROR(IF(INDEX('03_상품분류2526'!$X$7:$X$2532,MATCH(E8,'03_상품분류2526'!$A$7:$A$2532,0))="","",INDEX('03_상품분류2526'!$X$7:$X$2532,MATCH(E8,'03_상품분류2526'!$A$7:$A$2532,0))),"") | O8: ='02_선반315'!R9 -> 865 | P8: ='02_선반315'!T9 -> 290 | Q8: ='02_선반315'!U9 -> 270 | R8: ='02_선반315'!S9 -> 330 | S8: =IF(K8=0,0,IF(L8="","",K8*L8)) | T8: =IF(K8=0,"미진열",IF(OR(L8="",M8="",N8=""),"입력 대기",IF(AND(L8>0,M8>0,N8>0,S8<=O8,M8<=Q8,N8<=R8),"개별 범위 내","치수 초과"))) -> 입력 대기 | U8: 정면·원포장 | V8: 선반 | W8: PDF p5~6 (2026-08-11) + 원본 2526품목; 판매·마진 데이터 없음
A9: W1/S3/pd0001901 | B9: W1/S3 | C9: W1 | D9: 3 | E9: pd0001901 | F9: =IFERROR(INDEX('03_상품분류2526'!$C$7:$C$2532,MATCH(E9,'03_상품분류2526'!$A$7:$A$2532,0)),"코드 확인") -> 녹십자노바손크림 | G9: =IFERROR(INDEX('03_상품분류2526'!$D$7:$D$2532,MATCH(E9,'03_상품분류2526'!$A$7:$A$2532,0)),"코드 확인") -> 15g | H9: 본진 | I9: =IFERROR(INDEX('03_상품분류2526'!$M$7:$M$2532,MATCH(E9,'03_상품분류2526'!$A$7:$A$2532,0)),"코드 확인") -> B | J9: 2 | K9: 1 | L9: =IFERROR(IF(INDEX('03_상품분류2526'!$V$7:$V$2532,MATCH(E9,'03_상품분류2526'!$A$7:$A$2532,0))="","",INDEX('03_상품분류2526'!$V$7:$V$2532,MATCH(E9,'03_상품분류2526'!$A$7:$A$2532,0))),"") | M9: =IFERROR(IF(INDEX('03_상품분류2526'!$W$7:$W$2532,MATCH(E9,'03_상품분류2526'!$A$7:$A$2532,0))="","",INDEX('03_상품분류2526'!$W$7:$W$2532,MATCH(E9,'03_상품분류2526'!$A$7:$A$2532,0))),"") | N9: =IFERROR(IF(INDEX('03_상품분류2526'!$X$7:$X$2532,MATCH(E9,'03_상품분류2526'!$A$7:$A$2532,0))="","",INDEX('03_상품분류2526'!$X$7:$X$2532,MATCH(E9,'03_상품분류2526'!$A$7:$A$2532,0))),"") | O9: ='02_선반315'!R9 -> 865 | P9: ='02_선반315'!T9 -> 290 | Q9: ='02_선반315'!U9 -> 270 | R9: ='02_선반315'!S9 -> 330 | S9: =IF(K9=0,0,IF(L9="","",K9*L9)) | T9: =IF(K9=0,"미진열",IF(OR(L9="",M9="",N9=""),"입력 대기",IF(AND(L9>0,M9>0,N9>0,S9<=O9,M9<=Q9,N9<=R9),"개별 범위 내","치수 초과"))) -> 입력 대기 | U9: 정면·원포장 | V9: 선반 | W9: PDF p5~6 (2026-08-11) + 원본 2526품목; 판매·마진 데이터 없음
A10: W1/S5/pd0002328 | B10: W1/S5 | C10: W1 | D10: 5 | E10: pd0002328 | F10: =IFERROR(INDEX('03_상품분류2526'!$C$7:$C$2532,MATCH(E10,'03_상품분류2526'!$A$7:$A$2532,0)),"코드 확인") -> 리쥬비엠디크림 | G10: =IFERROR(INDEX('03_상품분류2526'!$D$7:$D$2532,MATCH(E10,'03_상품분류2526'!$A$7:$A$2532,0)),"코드 확인") -> 60g | H10: 본진 | I10: =IFERROR(INDEX('03_상품분류2526'!$M$7:$M$2532,MATCH(E10,'03_상품분류2526'!$A$7:$A$2532,0)),"코드 확인") -> B | J10: 1 | K10: 1 | L10: =IFERROR(IF(INDEX('03_상품분류2526'!$V$7:$V$2532,MATCH(E10,'03_상품분류2526'!$A$7:$A$2532,0))="","",INDEX('03_상품분류2526'!$V$7:$V$2532,MATCH(E10,'03_상품분류2526'!$A$7:$A$2532,0))),"") | M10: =IFERROR(IF(INDEX('03_상품분류2526'!$W$7:$W$2532,MATCH(E10,'03_상품분류2526'!$A$7:$A$2532,0))="","",INDEX('03_상품분류2526'!$W$7:$W$2532,MATCH(E10,'03_상품분류2526'!$A$7:$A$2532,0))),"") | N10: =IFERROR(IF(INDEX('03_상품분류2526'!$X$7:$X$2532,MATCH(E10,'03_상품분류2526'!$A$7:$A$2532,0))="","",INDEX('03_상품분류2526'!$X$7:$X$2532,MATCH(E10,'03_상품분류2526'!$A$7:$A$2532,0))),"") | O10: ='02_선반315'!R11 -> 865 | P10: ='02_선반315'!T11 -> 330 | Q10: ='02_선반315'!U11 -> 310 | R10: ='02_선반315'!S11 -> 330 | S10: =IF(K10=0,0,IF(L10="","",K10*L10)) | T10: =IF(K10=0,"미진열",IF(OR(L10="",M10="",N10=""),"입력 대기",IF(AND(L10>0,M10>0,N10>0,S10<=O10,M10<=Q10,N10<=R10),"개별 범위 내","치수 초과"))) -> 입력 대기 | U10: 정면·원포장 | V10: 선반 | W10: PDF p5~6 (2026-08-11) + 원본 2526품목; 판매·마진 데이터 없음
A11: W1/S5/pd0000602 | B11: W1/S5 | C11: W1 | D11: 5 | E11: pd0000602 | F11: =IFERROR(INDEX('03_상품분류2526'!$C$7:$C$2532,MATCH(E11,'03_상품분류2526'!$A$7:$A$2532,0)),"코드 확인") -> 비티테라 테라베리어크림 엠디(MD) | G11: =IFERROR(INDEX('03_상품분류2526'!$D$7:$D$2532,MATCH(E11,'03_상품분류2526'!$A$7:$A$2532,0)),"코드 확인") -> 100ml | H11: 본진 | I11: =IFERROR(INDEX('03_상품분류2526'!$M$7:$M$2532,MATCH(E11,'03_상품분류2526'!$A$7:$A$2532,0)),"코드 확인") -> B | J11: 2 | K11: 1 | L11: =IFERROR(IF(INDEX('03_상품분류2526'!$V$7:$V$2532,MATCH(E11,'03_상품분류2526'!$A$7:$A$2532,0))="","",INDEX('03_상품분류2526'!$V$7:$V$2532,MATCH(E11,'03_상품분류2526'!$A$7:$A$2532,0))),"") | M11: =IFERROR(IF(INDEX('03_상품분류2526'!$W$7:$W$2532,MATCH(E11,'03_상품분류2526'!$A$7:$A$2532,0))="","",INDEX('03_상품분류2526'!$W$7:$W$2532,MATCH(E11,'03_상품분류2526'!$A$7:$A$2532,0))),"") | N11: =IFERROR(IF(INDEX('03_상품분류2526'!$X$7:$X$2532,MATCH(E11,'03_상품분류2526'!$A$7:$A$2532,0))="","",INDEX('03_상품분류2526'!$X$7:$X$2532,MATCH(E11,'03_상품분류2526'!$A$7:$A$2532,0))),"") | O11: ='02_선반315'!R11 -> 865 | P11: ='02_선반315'!T11 -> 330 | Q11: ='02_선반315'!U11 -> 310 | R11: ='02_선반315'!S11 -> 330 | S11: =IF(K11=0,0,IF(L11="","",K11*L11)) | T11: =IF(K11=0,"미진열",IF(OR(L11="",M11="",N11=""),"입력 대기",IF(AND(L11>0,M11>0,N11>0,S11<=O11,M11<=Q11,N11<=R11),"개별 범위 내","치수 초과"))) -> 입력 대기 | U11: 정면·원포장 | V11: 선반 | W11: PDF p5~6 (2026-08-11) + 원본 2526품목; 판매·마진 데이터 없음
